id,first_name,last_name,email,gender,phone,city
1,Lilith,Surplice,lsurplice0@wp.com,Female,174-573-6122,Cilangkap
2,Wynne,Reims,wreims1@feedburner.com,Female,426-278-9006,Vista Hermosa
3,Kristos,Bottlestone,kbottlestone2@artisteer.com,Male,326-981-5427,Vincennes
4,Amos,Ranfield,aranfield3@jimdo.com,Male,796-689-0698,Xinwu
5,Rory,Scrogges,rscrogges4@simplemachines.org,Female,273-868-8355,Osiek
6,Zulema,Kenan,zkenan5@samsung.com,Female,940-913-2087,Zhuzuo
7,Del,Clough,dclough6@house.gov,Male,623-494-0767,Bitanjuan
8,Derrek,Cartin,dcartin7@sourceforge.net,Male,100-379-1073,Vespasiano
9,Dario,Witz,dwitz8@soundcloud.com,Male,357-175-9347,Đắk Glei
10,Suki,Hatwell,shatwell9@photobucket.com,Female,419-668-3930,Guri-si
11,Jacquenetta,Vanichev,jvanicheva@aol.com,Female,556-713-1741,Phayakkhaphum Phisai
12,Barde,Reame,breameb@surveymonkey.com,Male,356-968-6649,Ceelbuur
13,Emelita,Warwick,ewarwickc@timesonline.co.uk,Female,528-882-7817,Waenenda
14,Inga,Weatherell,iweatherelld@google.ru,Female,237-465-3887,Orange
15,Pauly,Heersma,pheersmae@meetup.com,Male,660-820-0261,Hadabei
16,Kelsey,Debrick,kdebrickf@springer.com,Male,660-297-3147,Nemby
17,Briggs,Mallalieu,bmallalieug@qq.com,Male,702-538-2401,Sirre
18,Agathe,Vaughton,avaughtonh@wufoo.com,Female,646-913-1071,Bolesławiec
19,Cherin,Ashlin,cashlini@google.co.jp,Female,504-506-1206,Hronov
20,Robby,Juares,rjuaresj@taobao.com,Male,812-672-5521,Konosha
21,Feodora,Bellard,fbellardk@alexa.com,Female,522-537-0520,Pisang
22,Carmen,Sparey,cspareyl@apache.org,Female,941-640-8913,Rila
23,Grover,Jeandot,gjeandotm@blogtalkradio.com,Male,557-956-4000,Liuzhou
24,Corissa,Roony,croonyn@google.it,Female,261-308-5002,Tanjay
25,Dot,Janiak,djaniako@geocities.jp,Female,306-335-5824,Łyse
26,Athene,Shinfield,ashinfieldp@reuters.com,Female,572-902-8128,Krajanpagowan
27,Kimberli,Follows,kfollowsq@psu.edu,Female,275-312-0561,Thị Trấn Mộc Châu
28,Mia,Bach,mbachr@phoca.cz,Female,717-746-3155,Nan’an
29,Harv,Lundon,hlundons@ucsd.edu,Male,755-989-7965,Ashibetsu
30,Hilde,Goodbanne,hgoodbannet@discuz.net,Female,655-111-0450,Khotiv
31,Eduardo,Spoors,espoorsu@nationalgeographic.com,Male,522-974-3686,Anserma
32,Estrellita,Farge,efargev@cornell.edu,Female,393-252-1938,Mandor
33,Holden,Gribbins,hgribbinsw@biblegateway.com,Male,280-640-3980,Palmas
34,Ibrahim,Aris,iarisx@columbia.edu,Male,553-811-4287,Little Current
35,Liana,Cormack,lcormacky@paypal.com,Female,713-247-1623,Houston
36,Port,Edgeworth,pedgeworthz@google.pl,Male,445-773-0631,Hanghuadian
37,Alex,Haskell,ahaskell10@wsj.com,Male,888-505-5692,Talghar
38,Jemimah,Barneville,jbarneville11@uiuc.edu,Female,554-396-5350,Fermoy
39,Ange,Mackrell,amackrell12@lycos.com,Male,104-310-0278,Naukšēni
40,Merla,Kummerlowe,mkummerlowe13@sciencedaily.com,Female,815-488-6057,Soubré
41,Con,Danhel,cdanhel14@dagondesign.com,Female,309-796-3169,Peoria
42,Iggy,Trusty,itrusty15@smh.com.au,Male,277-363-2817,Caherconlish
43,Stevie,Gronav,sgronav16@washingtonpost.com,Male,179-916-3776,Shuangjiang
44,Morna,Weightman,mweightman17@bigcartel.com,Female,336-153-7405,Barda
45,Gene,Huegett,ghuegett18@bloomberg.com,Female,788-335-9384,Paris La Défense
46,Lorenzo,Burgisi,lburgisi19@vkontakte.ru,Male,845-495-4706,Anju
47,Quintana,Legrand,qlegrand1a@tripadvisor.com,Female,786-471-2658,Eišiškės
48,Reidar,Heritege,rheritege1b@samsung.com,Male,583-419-0330,Morelos
49,Everett,Lorimer,elorimer1c@shop-pro.jp,Male,209-989-0980,Naawan
50,Lavinie,Haking,lhaking1d@pcworld.com,Female,593-704-2246,Carpalho
51,Teressa,Gothard,tgothard1e@blogtalkradio.com,Female,295-347-6344,Khvatovka
52,Lissy,Mityushin,lmityushin1f@creativecommons.org,Female,351-335-1036,Ar Ruways
53,Adolph,Kite,akite1g@virginia.edu,Male,915-790-3356,Gryfino
54,Rozina,Dallywater,rdallywater1h@mlb.com,Female,909-461-1493,North Shore
55,Ashia,Village,avillage1i@time.com,Female,828-514-4602,Gus’-Khrustal’nyy
56,Giffie,Eddleston,geddleston1j@exblog.jp,Male,299-102-1898,La Estancia
57,Nichole,Osband,nosband1k@freewebs.com,Female,264-290-7498,Tutong
58,Prescott,Duce,pduce1l@ted.com,Male,556-574-0067,Odesskoye
59,Ned,Saing,nsaing1m@liveinternet.ru,Male,500-644-7473,Baishui
60,Gavrielle,Shelliday,gshelliday1n@amazon.co.jp,Female,668-157-2757,Vorzel’
61,Weider,Heinle,wheinle1o@wikispaces.com,Male,203-952-7437,Stamford
62,Sander,Avraham,savraham1p@engadget.com,Male,152-834-7450,Zhuge
63,Jania,Scarlan,jscarlan1q@g.co,Female,541-168-6428,Suruhwadang
64,Batsheva,Daniel,bdaniel1r@arizona.edu,Female,976-434-0350,Liucun
65,Allissa,Ollerton,aollerton1s@mit.edu,Female,262-177-8337,Kamojimachō-jōgejima
66,Fanni,Trimnell,ftrimnell1t@feedburner.com,Female,782-439-2305,Garibaldi
67,Cob,Mc Ilory,cmcilory1u@bloglines.com,Male,731-404-1834,Beishan
68,Germain,Zelland,gzelland1v@rambler.ru,Female,231-137-6743,Tānk
69,Ambrose,Preble,apreble1w@sphinn.com,Male,499-715-3190,Los Fresnos
70,Wandie,Benini,wbenini1x@webeden.co.uk,Female,961-318-0461,Phichit
71,Tiler,Slesser,tslesser1y@bigcartel.com,Male,275-915-0735,Nangabulik
72,Kimmie,Kase,kkase1z@parallels.com,Female,583-954-0399,Zhendong
73,Ludvig,Hayland,lhayland20@clickbank.net,Male,539-962-0006,Lyntupy
74,Gerti,Kemish,gkemish21@techcrunch.com,Female,154-884-3311,Sudislavl’
75,Alix,Cornelisse,acornelisse22@cdbaby.com,Male,991-702-1774,Indramayu
76,Karlens,Scane,kscane23@mapquest.com,Male,282-532-3043,Even Yehuda
77,Glynda,Kiellor,gkiellor24@a8.net,Female,260-950-0830,Balangiga
78,Andrew,Radage,aradage25@stanford.edu,Male,617-593-5124,Aroroy
79,Aurie,MacCurlye,amaccurlye26@xinhuanet.com,Female,149-651-1926,Xiapu
80,Aldwin,Giacovetti,agiacovetti27@moonfruit.com,Male,673-454-2177,Dori
81,Julita,Tolemache,jtolemache28@nbcnews.com,Female,850-312-1669,Sigaozhuang
82,Arley,Ahrendsen,aahrendsen29@deliciousdays.com,Male,685-542-3143,Digne-les-Bains
83,Micaela,Edgson,medgson2a@theglobeandmail.com,Female,341-922-3731,Odintsovo
84,Bride,Cranham,bcranham2b@rediff.com,Female,894-437-2240,Talzemt
85,Alejandrina,Fitzsimons,afitzsimons2c@livejournal.com,Female,769-459-7097,Kananya
86,Emilee,Rulton,erulton2d@miitbeian.gov.cn,Female,840-670-1642,Bulung’ur
87,Granger,Jolliff,gjolliff2e@admin.ch,Male,883-737-8818,Tumu
88,Hertha,Smiley,hsmiley2f@zimbio.com,Female,551-871-4122,Sukasari
89,Lanna,Malser,lmalser2g@odnoklassniki.ru,Female,732-425-6608,Siguinon
90,Katharyn,Farnsworth,kfarnsworth2h@bloglovin.com,Female,377-960-9782,Neresnytsya
91,Dode,Aumerle,daumerle2i@ocn.ne.jp,Female,199-964-1040,Bantilan
92,Elenore,Theakston,etheakston2j@usatoday.com,Female,439-851-4331,Huilong
93,Agatha,Brakespear,abrakespear2k@delicious.com,Female,359-658-4157,Aguilares
94,Pedro,Mattei,pmattei2l@miitbeian.gov.cn,Male,513-868-8112,Cincinnati
95,Friedrick,Hancell,fhancell2m@shutterfly.com,Male,668-730-9041,Sriwing
96,Tucker,Skittles,tskittles2n@yahoo.co.jp,Male,654-622-1500,Estoril
97,Hussein,Wetherby,hwetherby2o@webs.com,Male,897-787-9079,Wangcheng
98,Duky,Pellman,dpellman2p@tinyurl.com,Male,979-528-1025,Cikabuyutan Barat
99,Ingamar,Birnie,ibirnie2q@ihg.com,Male,137-529-8924,Akwanga
100,Myrilla,Vear,mvear2r@hc360.com,Female,220-696-3589,Mulan
101,Sydel,Ahern,sahern2s@hexun.com,Female,962-562-6152,Panacan
102,Chrissie,Pawden,cpawden2t@bloglovin.com,Female,723-772-8606,Arrën
103,Cristen,Gunby,cgunby2u@ibm.com,Female,140-834-3466,Sananduva
104,Seymour,Whatley,swhatley2v@soup.io,Male,445-785-3834,Bhamo
105,Deva,Mandell,dmandell2w@msn.com,Female,961-104-4346,Idah
106,Dario,Wickens,dwickens2x@forbes.com,Male,110-400-1349,Daoqiao
107,Gery,Huikerby,ghuikerby2y@gmpg.org,Male,663-475-8365,Al Jamīmah
108,Aggie,Bennedsen,abennedsen2z@hp.com,Female,296-217-5328,Ban Chalong
109,Lily,Cornuau,lcornuau30@gov.uk,Female,335-333-9107,Canauay
110,Elke,Kitchaside,ekitchaside31@apache.org,Female,260-342-9914,Parral
111,Clim,Guerreru,cguerreru32@flickr.com,Male,842-928-1560,Mibu
112,Rudyard,Howselee,rhowselee33@ovh.net,Male,257-833-0273,La Palma
113,Johannah,Noorwood,jnoorwood34@hexun.com,Female,538-254-4883,Haozhai
114,Cherianne,Roxbee,croxbee35@wired.com,Female,187-730-6236,Yantianhe
115,Yurik,Phetteplace,yphetteplace36@dailymotion.com,Male,412-624-6853,Stanley
116,Ira,Dummigan,idummigan37@nih.gov,Male,989-591-6464,Bisert’
117,Tome,Cann,tcann38@state.gov,Male,971-830-3146,Vila Franca do Campo
118,Calli,Wiltshier,cwiltshier39@cisco.com,Female,528-262-3404,Kopidlno
119,Lucille,Chasney,lchasney3a@nsw.gov.au,Female,651-843-7070,Saint Paul
120,Juditha,Phythean,jphythean3b@quantcast.com,Female,365-536-7041,Richibucto
121,Lorianne,Martignon,lmartignon3c@wix.com,Female,625-406-8237,Siayan
122,Aldric,Fidoe,afidoe3d@moonfruit.com,Male,469-906-0786,Estreito
123,Mata,Caddell,mcaddell3e@angelfire.com,Male,792-877-6676,Dvin
124,Sean,Dawber,sdawber3f@pbs.org,Male,251-141-2572,Jinja
125,Darby,Faunch,dfaunch3g@vk.com,Male,517-119-7335,Jaroměřice
126,Anestassia,Mc Caughan,amccaughan3h@statcounter.com,Female,992-912-8746,Lydenburg
127,Herc,Donnell,hdonnell3i@netvibes.com,Male,315-194-1154,Cangkringan
128,Nollie,Chastel,nchastel3j@harvard.edu,Male,536-337-6526,Ar Ruţbah
129,Rikki,Willcocks,rwillcocks3k@yolasite.com,Female,870-882-2522,Jawor
130,Basil,Murrill,bmurrill3l@exblog.jp,Male,136-382-6717,Qiwen
131,Rana,Gasson,rgasson3m@hud.gov,Female,416-894-3525,Czerwieńsk
132,Kerianne,Rouchy,krouchy3n@guardian.co.uk,Female,210-529-5621,Hāfizābād
133,Huberto,Gull,hgull3o@geocities.jp,Male,942-436-2155,Menghe
134,Karleen,Peachey,kpeachey3p@chron.com,Female,571-728-7176,Andarapa
135,Sascha,Vinecombe,svinecombe3q@indiatimes.com,Female,815-801-7627,Hayange
136,Shani,Merring,smerring3r@ask.com,Female,669-590-8945,Naberezhnyye Chelny
137,Lydon,Corro,lcorro3s@go.com,Male,311-830-6954,Qingnianlu
138,Christoph,Paz,cpaz3t@mail.ru,Male,795-233-1856,Jakšić
139,Mickie,Goring,mgoring3u@dailymotion.com,Female,596-416-1800,Cartagena
140,Rolland,Farady,rfarady3v@linkedin.com,Male,355-342-3107,Hisai
141,Arlena,Diess,adiess3w@yahoo.co.jp,Female,892-298-4469,La Reforma
142,Max,Arkle,markle3x@marriott.com,Female,356-557-9094,Wewit
143,Frances,Marland,fmarland3y@yellowpages.com,Female,665-535-4607,Ho
144,Mavra,Beadle,mbeadle3z@cisco.com,Female,136-247-7833,Jiulian
145,Hinze,Fullylove,hfullylove40@who.int,Male,776-501-2581,Looc
146,Dyanna,Hunston,dhunston41@nbcnews.com,Female,813-594-5262,Marulanda
147,Judi,Rennenbach,jrennenbach42@engadget.com,Female,462-901-0351,Lameira
148,Maye,Scutcheon,mscutcheon43@lycos.com,Female,332-807-4451,Pasirmukti
149,Lorrin,Heers,lheers44@nydailynews.com,Female,696-606-6351,Mompós
150,Roseann,O'Cuddie,rocuddie45@miitbeian.gov.cn,Female,450-763-9778,Quebrada Canoa
151,Juliet,Bowers,jbowers46@xrea.com,Female,903-192-6361,Blatnica
152,Mireielle,Lorenz,mlorenz47@odnoklassniki.ru,Female,201-596-1771,Beisijiazi
153,Ardis,Mawer,amawer48@yelp.com,Female,635-272-0993,Mucifal
154,Raquela,Scholler,rscholler49@mayoclinic.com,Female,313-592-5740,Medeiros Neto
155,Sorcha,Sickling,ssickling4a@rakuten.co.jp,Female,417-747-6962,Szczecinek
156,Nicholle,Pottie,npottie4b@washington.edu,Female,321-265-5659,Vichadero
157,Kathe,Beckham,kbeckham4c@flavors.me,Female,473-557-8924,Aianí
158,Woodie,Crane,wcrane4d@usatoday.com,Male,258-297-7501,Néa Ionía
159,Minta,Dudden,mdudden4e@oaic.gov.au,Female,750-804-1487,Västerås
160,Caroline,Athey,cathey4f@globo.com,Female,817-712-9706,Young
161,Sula,Micklewicz,smicklewicz4g@exblog.jp,Female,250-649-6195,Yorii
162,Sarah,Millberg,smillberg4h@nifty.com,Female,727-181-5941,Verkhnyachka
163,Livia,Shillington,lshillington4i@dagondesign.com,Female,734-466-8318,Hatavch
164,Eric,Land,eland4j@umn.edu,Male,735-541-1655,Krasnaya Poyma
165,Huberto,Malafe,hmalafe4k@technorati.com,Male,556-277-9067,Chone
166,Welbie,Eby,weby4l@usda.gov,Male,292-100-8514,Dongyuan
167,Cliff,Snazel,csnazel4m@cmu.edu,Male,477-795-8624,Sonta
168,Trip,Nother,tnother4n@php.net,Male,519-224-1086,Hexi
169,Thedrick,Kerfod,tkerfod4o@tamu.edu,Male,739-315-4600,Tours
170,Bar,Leethem,bleethem4p@cornell.edu,Male,174-999-8895,Porta
171,Muire,Kohler,mkohler4q@mapquest.com,Female,941-815-3159,Ilembula
172,Bartolomeo,Bernardes,bbernardes4r@dailymail.co.uk,Male,920-186-7044,Silvino Lobos
173,Ericka,Smeall,esmeall4s@aboutads.info,Female,555-622-8953,Zhudian
174,Agosto,Diver,adiver4t@clickbank.net,Male,789-120-6222,Huangliang
175,Babb,Gynn,bgynn4u@de.vu,Female,147-519-3116,Międzybrodzie Bialskie
176,Myca,Minster,mminster4v@over-blog.com,Male,566-430-6404,Non Sung
177,Igor,Stickens,istickens4w@sbwire.com,Male,829-691-4092,Danané
178,Moe,Purkess,mpurkess4x@weebly.com,Male,291-764-1144,Tworków
179,Cassius,Wastie,cwastie4y@last.fm,Male,417-173-6916,Daxinshao
180,Alecia,Isselee,aisselee4z@amazon.co.jp,Female,950-508-9914,Cahuanuyo
181,Darda,Glasscock,dglasscock50@wikimedia.org,Female,434-799-9803,Wujing
182,Henry,Pavic,hpavic51@toplist.cz,Male,746-125-1270,Sufang
183,Dalia,Rome,drome52@wp.com,Female,141-901-3377,Benito Juarez
184,Harwell,Kettlesting,hkettlesting53@umn.edu,Male,863-901-1631,El Rosario
185,Elicia,Hurry,ehurry54@fastcompany.com,Female,503-437-6031,Tanggung
186,Hendrik,Honeyghan,hhoneyghan55@ed.gov,Male,697-678-1086,Itapipoca
187,Teressa,Ferrotti,tferrotti56@alexa.com,Female,604-254-8650,Barda
188,Rodolfo,Caton,rcaton57@ted.com,Male,916-777-1373,Khodasy
189,Pam,Couttes,pcouttes58@wiley.com,Female,993-469-3109,Mala Danylivka
190,Octavius,Grieveson,ogrieveson59@ca.gov,Male,921-665-9784,Lesnikovo
191,Jamie,Chisnell,jchisnell5a@privacy.gov.au,Male,270-111-0961,Ilanskiy
192,Sawyer,Edinborough,sedinborough5b@si.edu,Male,583-710-9131,Rouen
193,Emerson,Rossander,erossander5c@odnoklassniki.ru,Male,595-651-7324,Valašská Bystřice
194,Poul,Negri,pnegri5d@statcounter.com,Male,729-240-8474,Alingsås
195,Zeb,Konertz,zkonertz5e@arstechnica.com,Male,566-210-0838,Chahe
196,Joanne,Brundale,jbrundale5f@google.ca,Female,466-817-8340,Aguilar
197,Earvin,Brisker,ebrisker5g@dailymail.co.uk,Male,806-508-0273,Metahāra
198,Wade,Simoneau,wsimoneau5h@smugmug.com,Male,159-607-3339,Padova
199,Edgar,Dipple,edipple5i@scientificamerican.com,Male,997-947-2532,Borek Wielkopolski
200,Grannie,Wisden,gwisden5j@forbes.com,Male,230-977-5959,Pirapozinho
201,Arlie,Hatwell,ahatwell5k@huffingtonpost.com,Female,220-580-3847,Shuangxi
202,Hollie,Bolesworth,hbolesworth5l@wufoo.com,Female,145-584-8868,Agdangan
203,Melisa,Viggars,mviggars5m@shutterfly.com,Female,967-832-6846,Matangpayang
204,Newton,Chapelle,nchapelle5n@symantec.com,Male,457-708-4899,Oriximiná
205,Trescha,Bresson,tbresson5o@fema.gov,Female,999-120-4023,Getafe
206,Wilfred,Meadley,wmeadley5p@hatena.ne.jp,Male,808-585-0165,Paso de los Libres
207,Chalmers,Sparwell,csparwell5q@liveinternet.ru,Male,700-286-7555,Labège
208,Kris,Halloway,khalloway5r@wiley.com,Male,443-855-6582,Luoqiao
209,Dennison,Henriksson,dhenriksson5s@netlog.com,Male,484-466-9919,Mangge
210,Philbert,Adamo,padamo5t@cisco.com,Male,589-139-5048,Moita
211,Simon,Dearness,sdearness5u@netlog.com,Male,490-509-8073,Herrán
212,Mona,Wrankling,mwrankling5v@canalblog.com,Female,515-283-4163,Vavoua
213,Gabriele,Belcham,gbelcham5w@abc.net.au,Male,489-299-7472,Kogon
214,Tucker,Burbank,tburbank5x@patch.com,Male,988-120-6493,Luozhuang
215,Timmy,Gramer,tgramer5y@deliciousdays.com,Male,374-565-0118,Sanhui
216,Pavel,Bearfoot,pbearfoot5z@51.la,Male,276-211-1214,Zyukayka
217,Hermy,Raithbie,hraithbie60@sciencedirect.com,Male,943-504-9565,Celendín
218,Clemmy,Blaylock,cblaylock61@intel.com,Male,493-960-2519,Vuokatti
219,Linn,Stopforth,lstopforth62@multiply.com,Male,311-971-8614,Kochetok
220,Ebony,Arnefield,earnefield63@godaddy.com,Female,152-687-1266,Nam Phong
221,Saloma,Byrd,sbyrd64@yelp.com,Female,822-925-0483,Los Cerrillos
222,Emile,Panther,epanther65@ibm.com,Male,526-855-7879,Dongsheng
223,Angel,Iglesias,aiglesias66@upenn.edu,Female,371-598-2439,El Suyatal
224,Royall,Zarfati,rzarfati67@toplist.cz,Male,710-848-7181,Plovdiv
225,Karalee,Feuell,kfeuell68@telegraph.co.uk,Female,646-613-9841,Bang Kruai
226,Brittani,Tice,btice69@google.ca,Female,690-709-0298,Catamayo
227,Mellicent,Sapson,msapson6a@yolasite.com,Female,850-100-0759,Lukou
228,Lovell,Bayston,lbayston6b@aboutads.info,Male,446-477-8470,Miyoshi
229,Yank,Vitall,yvitall6c@merriam-webster.com,Male,379-621-2065,Lyon
230,Dukey,Bullier,dbullier6d@utexas.edu,Male,381-631-9882,Pyhäsalmi
231,Kelwin,Belz,kbelz6e@linkedin.com,Male,507-199-9537,Jabłonica Polska
232,Luci,Sothcott,lsothcott6f@meetup.com,Female,151-572-1868,Prantaan
233,Fredrick,Rosencrantz,frosencrantz6g@privacy.gov.au,Male,347-369-0292,Yayva
234,Hilario,Cockayne,hcockayne6h@wisc.edu,Male,313-201-5845,Dobryatino
235,Tedie,Varcoe,tvarcoe6i@unesco.org,Male,932-320-5761,Krasnotorka
236,Milka,Weathers,mweathers6j@skype.com,Female,423-579-3486,Vishow
237,Cam,Eastcott,ceastcott6k@skyrock.com,Female,241-529-5342,Koupéla
238,Welby,Sharpling,wsharpling6l@vistaprint.com,Male,541-589-6572,Agrela
239,Arri,Cayser,acayser6m@ed.gov,Male,905-705-7449,Ojo de Agua
240,Gerry,Garard,ggarard6n@symantec.com,Male,582-558-1150,Raşad
241,Georgianne,Lush,glush6o@flavors.me,Female,882-563-3886,Lalībela
242,Davide,Grog,dgrog6p@admin.ch,Male,130-333-0572,Goascorán
243,Bettye,Rummery,brummery6q@mashable.com,Female,440-330-3810,Kalino
244,Rubin,Milkin,rmilkin6r@ihg.com,Male,234-862-6521,Pakel
245,Ennis,Porcher,eporcher6s@dell.com,Male,430-484-8904,Saýat
246,Bobinette,De Mattei,bdemattei6t@fda.gov,Female,223-143-7887,Erbil
247,Jennifer,Andrioli,jandrioli6u@hugedomains.com,Female,197-252-6766,Kharkiv
248,Killian,Carnew,kcarnew6v@hhs.gov,Male,424-722-3294,Borås
249,Torrey,Izhakov,tizhakov6w@dedecms.com,Male,144-782-5917,Quatá
250,Allard,Addekin,aaddekin6x@twitpic.com,Male,339-571-8471,El Cardo
251,Brice,Disley,bdisley6y@biblegateway.com,Male,152-628-5272,Lysekil
252,Tye,Ghio,tghio6z@time.com,Male,186-339-3729,Norak
253,Jocko,Simeonov,jsimeonov70@yellowpages.com,Male,906-729-5500,Paingar
254,Kerrie,Garrold,kgarrold71@phoca.cz,Female,614-576-6264,Danané
255,Sydney,Sewart,ssewart72@imageshack.us,Male,134-121-7363,Campo Belo
256,Selestina,Wharfe,swharfe73@irs.gov,Female,761-589-9651,Gaojialing
257,Hazel,Dalling,hdalling74@merriam-webster.com,Female,536-329-5031,Port-au-Prince
258,Calvin,Oliva,coliva75@printfriendly.com,Male,561-608-0483,Dihtyari
259,Saxe,O'Rourke,sorourke76@smugmug.com,Male,977-351-6157,Kokshetau
260,Camey,Shercliff,cshercliff77@blog.com,Male,790-434-3434,Pueblo Nuevo
261,Fawn,Halpeine,fhalpeine78@squarespace.com,Female,888-959-2108,Huaxian
262,Uri,Stancer,ustancer79@weebly.com,Male,585-265-3934,Duqiao
263,Gaby,Addenbrooke,gaddenbrooke7a@fastcompany.com,Male,706-124-8045,Putre
264,Charline,Dobrowlski,cdobrowlski7b@sakura.ne.jp,Female,143-561-1444,Jeberos
265,Jedd,Crowd,jcrowd7c@home.pl,Male,934-802-4382,Zernograd
266,Constantine,Cobbe,ccobbe7d@oakley.com,Female,166-808-8023,Tieli
267,Linoel,Batten,lbatten7e@zimbio.com,Male,757-138-9118,Sarnów
268,Hynda,Halfacree,hhalfacree7f@amazon.co.uk,Female,741-853-1187,Fuyang
269,Una,Domniney,udomniney7g@i2i.jp,Female,830-401-7767,Riobamba
270,Paddie,Learmonth,plearmonth7h@irs.gov,Male,726-494-8269,Carreira
271,Gabriellia,Tunmore,gtunmore7i@arstechnica.com,Female,737-355-1769,Yên Thành
272,Celestyn,Davidof,cdavidof7j@samsung.com,Female,248-916-7619,Osiek
273,Deny,Hawton,dhawton7k@mit.edu,Female,914-654-2126,Cililitan
274,Willette,Simonite,wsimonite7l@artisteer.com,Female,300-106-8106,Bārkhān
275,Agnola,Bahike,abahike7m@symantec.com,Female,827-395-4070,Shymkent
276,Addi,Peppard,apeppard7n@etsy.com,Female,727-364-4915,Nishinoomote
277,Crin,Nizard,cnizard7o@fda.gov,Female,525-709-7877,Ratilangi
278,Josselyn,Ends,jends7p@jiathis.com,Female,849-954-5615,Runka
279,Trevor,Bennike,tbennike7q@geocities.com,Male,710-475-8764,Černá Hora
280,Calla,Blunderfield,cblunderfield7r@stumbleupon.com,Female,759-473-6486,Tafeng
281,Prudi,Meindl,pmeindl7s@e-recht24.de,Female,496-347-6274,Balite
282,Corissa,Garthside,cgarthside7t@feedburner.com,Female,645-787-7393,Colorado
283,Benedetta,Grayley,bgrayley7u@hibu.com,Female,547-322-0138,Jiangkou
284,Ethe,Peat,epeat7v@europa.eu,Male,713-151-0574,Melekyne
285,Hilly,Haysar,hhaysar7w@cbc.ca,Male,947-203-8086,Ghazni
286,Cornelia,Mitchard,cmitchard7x@bravesites.com,Female,622-957-6361,Impendle
287,Douglas,Bunstone,dbunstone7y@51.la,Male,323-619-6563,Itapecerica da Serra
288,Ogdon,Getten,ogetten7z@independent.co.uk,Male,497-352-0097,Delanggu
289,Antonie,Braycotton,abraycotton80@nih.gov,Female,776-323-1031,Rathnew
290,Rani,Kingstne,rkingstne81@g.co,Female,154-749-1827,Achoma
291,Eleen,Coucher,ecoucher82@ning.com,Female,248-519-5317,Severskaya
292,Cassie,Auchterlony,cauchterlony83@mysql.com,Female,243-363-7531,Banyue
293,Yorke,Antonignetti,yantonignetti84@seesaa.net,Male,438-452-8105,Wonokerso
294,Fionna,Hardaway,fhardaway85@newsvine.com,Female,127-528-5310,Samal
295,Dukie,Bolesma,dbolesma86@cdbaby.com,Male,382-964-3875,Penanggal
296,May,Sciacovelli,msciacovelli87@biblegateway.com,Female,412-530-9803,Ungca
297,Mallory,Elliff,melliff88@qq.com,Male,412-266-1252,Pittsburgh
298,Mill,Schoales,mschoales89@flickr.com,Male,810-357-9393,Sabana Grande de Boyá
299,Si,Farrin,sfarrin8a@cbsnews.com,Male,422-924-2853,Biryulëvo
300,Hildagarde,Lewton,hlewton8b@home.pl,Female,702-142-0300,Sanjiazi
301,Sandy,Banbridge,sbanbridge8c@hc360.com,Female,559-906-5312,Fada N'gourma
302,Sissy,Cathee,scathee8d@un.org,Female,590-417-5527,Constantia
303,Carrie,Di Franceshci,cdifranceshci8e@artisteer.com,Female,147-440-2565,Wąbrzeźno
304,Darnall,Stovin,dstovin8f@hhs.gov,Male,354-571-7117,Macarse
305,Estrellita,Conibeer,econibeer8g@irs.gov,Female,648-160-9383,Haquira
306,Tobit,Chapellow,tchapellow8h@cnn.com,Male,133-665-6861,Uitiuhtuan
307,Charis,Prott,cprott8i@bloglines.com,Female,880-172-5587,Chantepie
308,Drusie,Husby,dhusby8j@feedburner.com,Female,181-436-7807,Gori
309,Stephani,Banbridge,sbanbridge8k@sciencedaily.com,Female,510-147-1215,Asunción Mita
310,Leslie,Wrankmore,lwrankmore8l@msu.edu,Male,824-219-6723,Tai’an
311,Nil,Eberz,neberz8m@technorati.com,Male,985-449-7969,Rowokangkung
312,Emma,Capper,ecapper8n@1688.com,Female,570-871-8092,Huangtudian
313,Asia,Skittle,askittle8o@uiuc.edu,Female,203-377-2827,Bamencheng
314,Angelica,Verlander,averlander8p@narod.ru,Female,438-876-8128,Kasina Wielka
315,Hilliary,Antoshin,hantoshin8q@acquirethisname.com,Female,117-505-3338,Shikeng
316,Avram,Bello,abello8r@weebly.com,Male,719-430-7205,Paka
317,Gerri,Dargavel,gdargavel8s@sakura.ne.jp,Male,706-394-6703,Jawatiwa
318,Florri,Hearmon,fhearmon8t@google.com.au,Female,964-884-6668,Anserma
319,Cordy,Rablan,crablan8u@slashdot.org,Male,979-508-2310,San Francisco de Macorís
320,Liuka,Spaldin,lspaldin8v@dell.com,Female,432-345-2599,Cololaca
321,Florian,Sanbroke,fsanbroke8w@fotki.com,Male,615-265-4659,Rancasadang
322,Binky,Posner,bposner8x@uiuc.edu,Male,540-316-0431,Frederico Westphalen
323,Noah,Sasser,nsasser8y@bbb.org,Male,623-331-2758,Huzhen
324,Stephenie,Daviddi,sdaviddi8z@cafepress.com,Female,461-691-8339,Hotonj
325,Angeline,Zumbusch,azumbusch90@mozilla.com,Female,794-497-3541,Killumney
326,Noe,Newick,nnewick91@about.me,Male,104-685-2710,Pomahan
327,Laurie,Masurel,lmasurel92@skyrock.com,Male,269-836-7835,Azueira
328,Tammie,Ubsdell,tubsdell93@businessweek.com,Male,593-173-6583,Iecava
329,Star,Pischof,spischof94@reference.com,Female,859-449-8271,Pondokrejo Wetan
330,Tiena,Latham,tlatham95@bbc.co.uk,Female,825-259-8848,Liukou
331,Edy,Stennett,estennett96@ibm.com,Female,492-307-0744,Suan Luang
332,Zaneta,Postance,zpostance97@netscape.com,Female,262-826-1970,Rybnoye
333,Valry,Bindon,vbindon98@meetup.com,Female,251-212-9517,Chumikan
334,Gustav,Thurby,gthurby99@fda.gov,Male,680-481-5428,San Cristóbal Verapaz
335,Culver,Goulding,cgoulding9a@plala.or.jp,Male,563-556-4783,Seredka
336,Molly,Ticehurst,mticehurst9b@shutterfly.com,Female,936-160-9499,Alacaygan
337,Jenifer,Usmar,jusmar9c@prweb.com,Female,979-323-8034,São Sebastião
338,Lou,Stanyforth,lstanyforth9d@kickstarter.com,Female,191-759-9693,San Alberto
339,Zorine,Saffin,zsaffin9e@slideshare.net,Female,273-721-0991,Severo-Zadonsk
340,Celestyna,Crier,ccrier9f@ucoz.com,Female,963-175-0998,Cimaragas
341,Sybilla,Worling,sworling9g@who.int,Female,306-736-0622,Amieira do Tejo
342,Chauncey,Romeuf,cromeuf9h@nifty.com,Male,772-788-4540,Dengzishan
343,Hinda,Cundict,hcundict9i@xrea.com,Female,151-637-0685,La Molina
344,Jeane,Peschka,jpeschka9j@pagesperso-orange.fr,Female,748-906-5318,Zbąszyń
345,Wright,Hazeldene,whazeldene9k@europa.eu,Male,605-892-1938,Bitam
346,Aggie,Pyecroft,apyecroft9l@sohu.com,Female,324-658-6964,Staffanstorp
347,Eziechiele,Jacketts,ejacketts9m@guardian.co.uk,Male,420-988-0004,Alto del Espino
348,Charisse,Brugger,cbrugger9n@nifty.com,Female,776-849-9618,Újezd
349,Darcey,Loton,dloton9o@hp.com,Female,310-498-7851,Alminhas
350,Celesta,Holde,cholde9p@51.la,Female,205-581-3563,Ar Rumaythīyah
351,Emmit,Radley,eradley9q@miibeian.gov.cn,Male,587-257-7906,Bratsk
352,Humfrid,Plum,hplum9r@google.com.hk,Male,149-146-1010,Mazhonghe
353,Brittney,Skeene,bskeene9s@aol.com,Female,617-196-1799,Meliau
354,Malvin,Nashe,mnashe9t@gnu.org,Male,617-770-9677,Odesskoye
355,Irita,Denziloe,idenziloe9u@salon.com,Female,282-230-4147,Rizómilos
356,Townie,Lobbe,tlobbe9v@chronoengine.com,Male,344-428-5700,Puubheto
357,Chelsy,Sabati,csabati9w@rakuten.co.jp,Female,656-836-6117,Izumiōtsu
358,Reggi,Miell,rmiell9x@pen.io,Female,621-295-4256,Eskilstuna
359,Justina,Charopen,jcharopen9y@nhs.uk,Female,555-753-2988,Varpaisjärvi
360,Min,Tenny,mtenny9z@google.com.au,Female,413-826-5822,Mirotice
361,Mahmoud,Polycote,mpolycotea0@baidu.com,Male,456-950-1184,Camaçari
362,Cece,Iddons,ciddonsa1@squidoo.com,Male,185-837-9098,Ḩawallī
363,Tabitha,Wellbeloved,twellbeloveda2@jigsy.com,Female,426-386-5035,Buenos Aires
364,Lemar,Vogeler,lvogelera3@thetimes.co.uk,Male,944-940-5524,Ljutomer
365,Carla,Giabucci,cgiabuccia4@princeton.edu,Female,671-958-0090,Adiwerna
366,Jodi,Goom,jgooma5@mail.ru,Male,589-994-4111,Marseille
367,Elinore,Jancey,ejanceya6@sphinn.com,Female,279-948-8251,Nocaima
368,Dorise,Mabbe,dmabbea7@printfriendly.com,Female,584-391-9483,Windusakti Hilir
369,Maribelle,Pimlock,mpimlocka8@hhs.gov,Female,123-354-2977,Gaya
370,Moishe,Chable,mchablea9@live.com,Male,787-470-8803,Frankfort
371,Larine,Sapshed,lsapshedaa@census.gov,Female,610-349-4751,Malausma Kidul
372,Sherlock,Pearne,spearneab@usgs.gov,Male,452-346-6553,Kolonowskie
373,Cort,Ballintime,cballintimeac@purevolume.com,Male,754-434-1025,Tanlad
374,Kerrill,Greening,kgreeningad@istockphoto.com,Female,759-750-4543,Zarrīn Shahr
375,Ase,Mallatratt,amallatrattae@ft.com,Male,719-509-1110,Colorado Springs
376,Bailie,Stanes,bstanesaf@addthis.com,Male,623-678-0129,Trajouce
377,Kirbie,Anchor,kanchorag@histats.com,Female,886-145-5937,Raszków
378,Margareta,Pressdee,mpressdeeah@g.co,Female,884-854-9083,Jinshan
379,Artie,Ritchings,aritchingsai@mac.com,Male,910-144-6906,Myski
380,Asia,Steabler,asteableraj@fotki.com,Female,744-564-2271,Quatá
381,Fletcher,Emanuele,femanueleak@histats.com,Male,721-906-9889,Maulawin
382,Elysee,Alderman,ealdermanal@mtv.com,Female,982-169-8859,Lazdijai
383,Carlotta,Lippett,clippettam@zdnet.com,Female,536-869-9729,Isahaya
384,Ernaline,Snarie,esnariean@time.com,Female,366-522-3626,Emmaboda
385,Birgit,Sheehy,bsheehyao@eventbrite.com,Female,239-709-0692,Estrada
386,Adeline,Spradbery,aspradberyap@hp.com,Female,881-924-7303,Tancheng
387,Fanni,Helstrip,fhelstripaq@51.la,Female,547-911-1183,Manukaka
388,Erskine,Ealden,eealdenar@usatoday.com,Male,161-994-7334,Kedunglo
389,Jeanna,Merlin,jmerlinas@stanford.edu,Female,288-380-2232,Porto Feliz
390,Sileas,Wasielewski,swasielewskiat@utexas.edu,Female,640-912-8251,Mi’ersi
391,Morse,Readwin,mreadwinau@omniture.com,Male,801-336-8729,Vallentuna
392,Rayner,Marcussen,rmarcussenav@wordpress.org,Male,650-840-7022,Cikulina
393,Giles,Jambrozek,gjambrozekaw@springer.com,Male,214-540-8517,Yanagawamachi-saiwaichō
394,Sammy,Strong,sstrongax@chronoengine.com,Male,986-363-7950,Yotala
395,Georgetta,Spelling,gspellingay@infoseek.co.jp,Female,277-434-7599,Wuping
396,Maria,Lang,mlangaz@omniture.com,Female,960-354-5997,Chociwel
397,Izabel,Camilli,icamillib0@businesswire.com,Female,321-713-7154,Youlan
398,Shaine,Blaszczak,sblaszczakb1@si.edu,Male,907-521-8784,Reims
399,Perrine,Deeves,pdeevesb2@biblegateway.com,Female,475-306-0549,Olavarría
400,Amye,Rivers,ariversb3@4shared.com,Female,867-148-6327,Guanba
401,Alanah,Cowterd,acowterdb4@europa.eu,Female,555-855-1989,Jorochito
402,Fernanda,Dysart,fdysartb5@cyberchimps.com,Female,695-791-6597,Astana
403,Tersina,Laxston,tlaxstonb6@seattletimes.com,Female,754-970-6294,San Jorge
404,Waldo,Baggott,wbaggottb7@smh.com.au,Male,390-183-2566,Kalisangkrah Lor
405,Elicia,Colcomb,ecolcombb8@clickbank.net,Female,557-605-0321,Samoš
406,Sabine,Sola,ssolab9@artisteer.com,Female,152-710-6699,Odoyev
407,Anatollo,Oak,aoakba@cisco.com,Male,836-584-5698,Taklale
408,Inglis,Gartside,igartsidebb@omniture.com,Male,434-954-7826,Taiqing
409,Noach,Cleynaert,ncleynaertbc@microsoft.com,Male,977-867-4261,Beddeng
410,Auroora,Letch,aletchbd@nps.gov,Female,701-359-1367,Budapest
411,Debra,Wixey,dwixeybe@npr.org,Female,399-274-6077,Pyatovskiy
412,Denys,Chittenden,dchittendenbf@newsvine.com,Female,166-476-1423,Épinal
413,Kristopher,Cummine,kcumminebg@cbsnews.com,Male,535-204-5101,Xambabazar
414,Isiahi,Bardnam,ibardnambh@cdbaby.com,Male,511-566-5122,Afanas’yeva
415,Brodie,Wolseley,bwolseleybi@icio.us,Male,249-367-3686,Golubinci
416,Nolly,Curror,ncurrorbj@booking.com,Male,856-192-0526,Lanpelan
417,Osbourne,Orpyne,oorpynebk@time.com,Male,495-319-8572,Estevan
418,Natty,Beves,nbevesbl@amazonaws.com,Female,214-820-1807,Dallas
419,Kinny,Stiebler,kstieblerbm@who.int,Male,626-562-5790,Mirkovci
420,Fidelio,Domerq,fdomerqbn@multiply.com,Male,965-776-2322,Bộc Bố
421,Joletta,Andreini,jandreinibo@washingtonpost.com,Female,466-948-3425,Marne-la-Vallée
422,Leland,Pryce,lprycebp@jugem.jp,Female,810-601-9789,Magang
423,Maurizio,Maud,mmaudbq@shutterfly.com,Male,991-990-9254,Tol’yatti
424,Diandra,Camble,dcamblebr@bloglines.com,Female,869-532-4533,Acheng
425,Aylmer,Saiens,asaiensbs@prnewswire.com,Male,964-493-2268,Pedro Santana
426,Frans,Schenfisch,fschenfischbt@google.it,Male,260-258-6466,Néa Mákri
427,Dasha,Sillis,dsillisbu@de.vu,Female,531-639-3644,Faaone
428,Claus,Normand,cnormandbv@myspace.com,Male,465-373-6882,Bezhta
429,Perry,Anstey,pansteybw@feedburner.com,Female,172-389-8503,Shuitou
430,Chilton,Matthews,cmatthewsbx@squarespace.com,Male,550-694-4915,Wuppertal
431,Rachele,Andri,randriby@usa.gov,Female,828-557-6786,Batiovo
432,Laurianne,Cuffin,lcuffinbz@seattletimes.com,Female,949-300-6971,Räpina
433,Gunilla,Losbie,glosbiec0@microsoft.com,Female,773-316-2090,Keli
434,Hetty,Astlett,hastlettc1@economist.com,Female,986-364-1381,Prince Edward
435,Anette,Blakeley,ablakeleyc2@stumbleupon.com,Female,981-313-5846,Shah Alam
436,Clementius,Phelps,cphelpsc3@multiply.com,Male,571-252-8362,Kamphaeng Phet
437,Marcia,Andrichak,mandrichakc4@yale.edu,Female,868-149-9501,Proletar
438,Fidelia,Cashford,fcashfordc5@sina.com.cn,Female,246-140-2313,Ottawa
439,Barbara-anne,Cozby,bcozbyc6@wp.com,Female,366-851-4401,Muhoroni
440,Marris,Benettolo,mbenettoloc7@abc.net.au,Female,636-134-1675,Yawata
441,Jonathan,Tire,jtirec8@qq.com,Male,240-420-0803,Luyi
442,Torrey,Waudby,twaudbyc9@xrea.com,Male,178-376-0685,Boca do Acre
443,Toddy,Gary,tgaryca@sphinn.com,Male,373-379-0608,Karpinsk
444,Lindsay,Craighall,lcraighallcb@bbc.co.uk,Male,579-727-7073,Ban Haet
445,Urban,Handscombe,uhandscombecc@netvibes.com,Male,100-391-8739,Quiñota
446,Harris,Seth,hsethcd@yellowpages.com,Male,226-732-9098,Yongle
447,Averyl,Edon,aedonce@newsvine.com,Female,453-643-0167,Abashiri
448,Cleveland,Blake,cblakecf@ovh.net,Male,414-959-7415,Cibeureum Kidul
449,Muhammad,Silversmidt,msilversmidtcg@bloglines.com,Male,391-218-2692,Dayong
450,Trever,Kensitt,tkensittch@twitpic.com,Male,279-205-3937,Waru Selatan
451,Calida,Reynard,creynardci@goo.ne.jp,Female,338-879-0334,Xincheng Chengguanzhen
452,Wallas,Enden,wendencj@squarespace.com,Male,604-516-8819,Barrancas
453,Willard,Goggey,wgoggeyck@ca.gov,Male,660-257-7666,Almada
454,Dene,Ravelus,draveluscl@tuttocitta.it,Male,614-137-1578,Lanta Timur
455,Benoit,Heisman,bheismancm@photobucket.com,Male,859-725-3623,Al ‘Azīzīyah
456,Letitia,Fedoronko,lfedoronkocn@weibo.com,Female,947-974-6047,Sheffield
457,Fanny,Roskell,froskellco@usnews.com,Female,916-365-1539,Cartí Suitupo
458,Ivan,Middis,imiddiscp@xinhuanet.com,Male,803-443-3706,Luanshya
459,Gay,Sarjeant,gsarjeantcq@dagondesign.com,Male,952-296-1748,Jingshan
460,Nicko,Blaske,nblaskecr@fotki.com,Male,221-483-3486,Līvāni
461,Wilburt,Seeney,wseeneycs@tripod.com,Male,818-181-6520,Opatów
462,Rosemarie,Dehn,rdehnct@constantcontact.com,Female,832-651-2829,Mailsi
463,Marjy,Presdee,mpresdeecu@usa.gov,Female,587-244-4850,Posse
464,Etty,Morter,emortercv@msn.com,Female,582-477-9832,Dzvinogrud
465,Cesya,Blackman,cblackmancw@weebly.com,Female,696-735-4186,Embalse
466,Dewie,Harpur,dharpurcx@ustream.tv,Male,365-808-1759,Izumiōtsu
467,Eimile,Redborn,eredborncy@google.ru,Female,118-403-2488,Tyresö
468,Sigismondo,Hansbury,shansburycz@spiegel.de,Male,154-746-4820,Licheń Stary
469,Gerrard,Corris,gcorrisd0@redcross.org,Male,673-933-6167,Perches
470,Cindy,Packham,cpackhamd1@wired.com,Female,557-386-0075,Baishui
471,Gael,Grierson,ggriersond2@domainmarket.com,Male,780-543-3589,Ra’s Bayrūt
472,Merrilee,Kneller,mknellerd3@springer.com,Female,569-673-9111,Pogorzyce
473,Hadley,Toderini,htoderinid4@ox.ac.uk,Male,255-424-0880,Dauphin
474,Dale,Drinnan,ddrinnand5@macromedia.com,Female,649-255-7389,Narach
475,Elfrieda,Ruffles,erufflesd6@economist.com,Female,852-810-6436,Gezan
476,Netti,Almack,nalmackd7@wikimedia.org,Female,104-226-3015,Liushan
477,Katharine,Sigmund,ksigmundd8@jiathis.com,Female,643-867-7379,Rio Covo
478,Nap,Timbridge,ntimbridged9@jimdo.com,Male,184-119-9259,Taichung
479,Edgar,Hodgins,ehodginsda@ask.com,Male,520-712-6496,Larap
480,Esma,Seeds,eseedsdb@timesonline.co.uk,Female,660-585-0982,Carrigtwohill
481,Moises,Yushachkov,myushachkovdc@zdnet.com,Male,972-792-4245,Cucutilla
482,Grace,Greenhow,ggreenhowdd@npr.org,Female,936-398-2619,Kyaukse
483,Laureen,Innot,linnotde@canalblog.com,Female,890-533-3796,Pavlivka
484,Jeremiah,Whitefoot,jwhitefootdf@ebay.co.uk,Male,917-987-1320,Huangjingba
485,Rayna,Meran,rmerandg@lulu.com,Female,340-982-9414,Haifa
486,Terza,Penrith,tpenrithdh@geocities.jp,Female,931-785-2835,Cayna
487,Zorine,Pitcaithley,zpitcaithleydi@gmpg.org,Female,232-961-6494,Cumba
488,Charissa,Tidcomb,ctidcombdj@foxnews.com,Female,707-972-4530,Syców
489,Jeanie,Solman,jsolmandk@soundcloud.com,Female,804-383-8978,Mochishche
490,Vicki,Cicchitello,vcicchitellodl@trellian.com,Female,111-992-5901,Chornoliztsi
491,Levy,Schankel,lschankeldm@instagram.com,Male,242-390-1568,Kamennogorsk
492,Boonie,Kitt,bkittdn@netscape.com,Male,260-783-2508,Néa Ankhíalos
493,Domenic,Puddefoot,dpuddefootdo@washingtonpost.com,Male,132-284-2386,Xixia
494,Alana,Rootes,arootesdp@topsy.com,Female,577-285-4480,Inriville
495,Benson,Benwell,bbenwelldq@weebly.com,Male,399-515-8521,Lelkowo
496,Sydelle,Wolfers,swolfersdr@ucla.edu,Female,693-442-4821,Kadoma
497,Dennie,Quinane,dquinaneds@zimbio.com,Female,191-592-5953,Koesan
498,Floyd,Rangell,frangelldt@icio.us,Male,658-748-7312,Gonzalo
499,Myer,Kelwick,mkelwickdu@businessinsider.com,Male,646-401-9370,Talugtug
500,Dona,Matyja,dmatyjadv@google.co.jp,Female,171-517-9104,Dambořice
501,Courtney,McNalley,cmcnalleydw@oakley.com,Male,936-500-8668,Khvānsār
502,Roobbie,Lugard,rlugarddx@usatoday.com,Female,371-581-9648,Pitai
503,Hermine,Joanaud,hjoanauddy@bravesites.com,Female,155-264-8635,Itabirito
504,Shaylynn,Vivash,svivashdz@oracle.com,Female,653-636-9158,Yeshan
505,Terrijo,McDavid,tmcdavide0@cpanel.net,Female,173-374-7071,Timur
506,Jarrad,Harbisher,jharbishere1@sciencedirect.com,Male,334-517-1341,Sing Buri
507,Evania,Cantillion,ecantillione2@amazon.co.uk,Female,652-138-3969,Gabasumdo
508,Lisabeth,Sillitoe,lsillitoee3@japanpost.jp,Female,983-128-9359,Ihuari
509,Adora,Killelay,akillelaye4@1und1.de,Female,399-951-5113,Potelych
510,Sabrina,Farrants,sfarrantse5@de.vu,Female,627-709-0088,La Unión
511,Wakefield,Ahrens,wahrense6@free.fr,Male,698-562-8942,Yavne
512,Hannie,Shimony,hshimonye7@webeden.co.uk,Female,577-864-8640,Lixu
513,Dolorita,Lassen,dlassene8@hc360.com,Female,683-404-9359,Dongcun
514,Aubry,Pinnegar,apinnegare9@slate.com,Female,571-464-9744,Malapaubhara
515,Paolina,Cornill,pcornillea@bloglines.com,Female,311-410-2826,Lao Suea Kok
516,Brit,Schwant,bschwanteb@ox.ac.uk,Male,680-879-3713,Palayan City
517,Aldin,Roggieri,aroggieriec@qq.com,Male,233-592-5348,Lukou
518,Shel,Espinho,sespinhoed@canalblog.com,Female,473-939-0233,Pidvolochys’k
519,Donielle,Breeze,dbreezeee@histats.com,Female,459-736-3748,Rychvald
520,Ewell,Duguid,eduguidef@uiuc.edu,Male,899-499-7650,Catarman
521,Nadine,Brewett,nbrewetteg@theguardian.com,Female,548-879-5512,Steinkjer
522,Fern,Adrain,fadraineh@wp.com,Female,993-687-7779,Jastrowie
523,Reagan,Malletratt,rmalletrattei@fda.gov,Male,509-527-2533,Belovo
524,Valentine,Andrea,vandreaej@wsj.com,Female,210-741-0205,Bršadin
525,Shaina,Galland,sgallandek@huffingtonpost.com,Female,161-840-9429,Latacunga
526,Andriette,Eyden,aeydenel@edublogs.org,Female,325-459-9532,Qibu
527,Ambros,Sebyer,asebyerem@europa.eu,Male,842-768-5323,Jiangdulu
528,Palm,Gazzard,pgazzarden@behance.net,Male,855-194-0252,Kanal
529,Travers,Huddlestone,thuddlestoneeo@uiuc.edu,Male,893-495-2464,Diamante
530,Daveen,Hayle,dhayleep@qq.com,Female,941-163-7421,Särevere
531,Emelia,Pennington,epenningtoneq@walmart.com,Female,443-592-4688,Mianduhe
532,Penny,Goeff,pgoeffer@flavors.me,Female,211-546-5854,Taganskiy
533,Jaclin,Pettie,jpettiees@wired.com,Female,796-802-1860,Sokołów Podlaski
534,Melva,Monini,mmoniniet@rakuten.co.jp,Female,300-234-8943,Qiryat Motzkin
535,Francyne,Schaumann,fschaumanneu@cbsnews.com,Female,775-834-7000,Beitai
536,Papageno,Franzoli,pfranzoliev@deviantart.com,Male,127-606-8201,Kolomanu
537,Giovanna,MacMearty,gmacmeartyew@exblog.jp,Female,507-595-6245,Ajuy
538,Jae,Cater,jcaterex@parallels.com,Male,471-208-2315,Rozhniv
539,Gallard,Ranson,gransoney@soup.io,Male,673-656-2764,Novotroitskaya
540,Danice,Cutmore,dcutmoreez@networksolutions.com,Female,855-313-2881,Shilin
541,Danni,Boanas,dboanasf0@ask.com,Female,469-839-9173,Potštát
542,Sergent,Hessel,shesself1@pcworld.com,Male,623-600-7296,Kvissleby
543,Bernarr,Gooderick,bgooderickf2@phoca.cz,Male,135-940-8244,Napenay
544,Mufinella,Simonnin,msimonninf3@telegraph.co.uk,Female,193-457-2401,Qingyuan
545,Marie-ann,Fedder,mfedderf4@gov.uk,Female,860-747-5417,Obudu
546,Arly,Wehnerr,awehnerrf5@soup.io,Female,989-598-3847,Nova Odesa
547,Hardy,Beever,hbeeverf6@state.gov,Male,603-547-9616,Casal do Conde
548,Ansell,Rought,aroughtf7@com.com,Male,847-830-5566,Kongjiafang
549,Gisela,MacCaffery,gmaccafferyf8@comsenz.com,Female,734-395-6813,Jiangxi
550,Heidie,Sirett,hsirettf9@sciencedaily.com,Female,635-508-4161,Temuco
551,Elysee,Clulee,ecluleefa@mozilla.org,Female,665-310-5991,Kepuh
552,Helena,Craigie,hcraigiefb@statcounter.com,Female,754-845-4625,Fort Lauderdale
553,Benedetta,Petris,bpetrisfc@arizona.edu,Female,108-605-0208,Kokterek
554,Gilligan,Hawk,ghawkfd@shutterfly.com,Female,959-597-6310,La Paloma
555,Anatollo,Billinge,abillingefe@mail.ru,Male,236-983-7697,Calasgasan
556,Rhodia,Edgecumbe,redgecumbeff@springer.com,Female,797-153-7695,Poitiers
557,Thibaud,Boake,tboakefg@xinhuanet.com,Male,224-386-6036,Avignon
558,Sven,Deem,sdeemfh@tmall.com,Male,841-413-8770,Cerro Punta
559,Grayce,Brinded,gbrindedfi@nasa.gov,Female,994-438-0492,Leigongjian
560,Greg,Lessmare,glessmarefj@exblog.jp,Male,218-192-0940,Petropavlivka
561,Gertrude,Fowls,gfowlsfk@dion.ne.jp,Female,664-538-2162,Beau Vallon
562,Alexine,Spillman,aspillmanfl@imgur.com,Female,885-978-5787,Katyuzhanka
563,Pierette,Crackett,pcrackettfm@vinaora.com,Female,677-126-3537,Ilesa
564,Harlen,Colebourn,hcolebournfn@phoca.cz,Male,309-303-8791,Murillo
565,Rakel,Dobrowski,rdobrowskifo@phpbb.com,Female,444-442-7647,Margahayukencana
566,Washington,Ivanshintsev,wivanshintsevfp@java.com,Male,757-878-4829,Inčukalns
567,Rik,Bolmann,rbolmannfq@nationalgeographic.com,Male,718-462-7651,Peroguarda
568,Dmitri,Farrand,dfarrandfr@lycos.com,Male,918-241-7811,Samboan
569,Jacobo,Farthin,jfarthinfs@cyberchimps.com,Male,948-337-0787,Yanjiatai
570,Darby,Drage,ddrageft@angelfire.com,Male,275-536-6840,Ambian
571,Brennan,Bainbridge,bbainbridgefu@cafepress.com,Male,549-208-2324,Horodnya
572,Angelika,Tillman,atillmanfv@soundcloud.com,Female,673-363-3909,Mashiko
573,Raimondo,Legate,rlegatefw@cyberchimps.com,Male,800-812-6474,Šmarje pri Jelšah
574,Mayor,Baty,mbatyfx@pbs.org,Male,644-526-5979,Gerong
575,Claudina,Diboll,cdibollfy@godaddy.com,Female,975-611-9177,Amuñgan
576,Dell,Hallgarth,dhallgarthfz@umn.edu,Female,973-302-7694,Al Qarārah
577,Leigh,Cuniam,lcuniamg0@comsenz.com,Male,965-964-5113,Igarassu
578,Parke,Rayner,praynerg1@phpbb.com,Male,690-585-3208,Stockholm
579,Garrick,Brookton,gbrooktong2@reverbnation.com,Male,594-457-3743,Wangba
580,Madelon,Luchelli,mluchellig3@qq.com,Female,169-205-3138,Marolambo
581,Mitchel,Crocroft,mcrocroftg4@prnewswire.com,Male,141-633-8039,Lâm Thao
582,Fabio,Elstone,felstoneg5@blogtalkradio.com,Male,597-676-4624,Tocumen
583,Cirilo,Marcham,cmarchamg6@cnn.com,Male,440-955-4133,Kadupinang
584,Julian,Atkyns,jatkynsg7@google.com.hk,Male,931-291-0849,Kaum
585,Mattheus,Sewill,msewillg8@prlog.org,Male,443-365-8599,Baltimore
586,Tracie,Olekhov,tolekhovg9@pcworld.com,Male,562-397-6997,Tocopilla
587,Elmer,Mitcheson,emitchesonga@desdev.cn,Male,860-993-0417,Goujie
588,Ayn,Mundow,amundowgb@networksolutions.com,Female,231-285-8479,Stockholm
589,Benedict,Mackett,bmackettgc@dot.gov,Male,117-689-9483,Sigma
590,Sollie,Merrgan,smerrgangd@angelfire.com,Male,889-231-1068,Västerås
591,Ichabod,Wooffinden,iwooffindenge@ycombinator.com,Male,562-479-5259,Kariya
592,Devonne,Barrett,dbarrettgf@cloudflare.com,Female,248-369-8652,København
593,Kleon,Screase,kscreasegg@usgs.gov,Male,268-766-3428,Duantan
594,Emlynn,Gristhwaite,egristhwaitegh@clickbank.net,Female,185-506-1257,Garang
595,Nicolette,Garrad,ngarradgi@cdc.gov,Female,885-622-8035,Qibu
596,Dukey,Towler,dtowlergj@examiner.com,Male,933-530-4662,Tarangnan
597,Orsola,Minto,omintogk@seesaa.net,Female,189-711-4349,Chunyang
598,Harold,Iban,hibangl@dedecms.com,Male,530-172-0301,Bala Murghab
599,Stephan,Killshaw,skillshawgm@huffingtonpost.com,Male,815-412-0341,Joliet
600,Jayme,Letherbury,jletherburygn@independent.co.uk,Male,507-104-9555,Burtunay
601,Berny,Bartels,bbartelsgo@biglobe.ne.jp,Male,393-501-3228,Adelaide Mail Centre
602,Stafford,MacIlraith,smacilraithgp@usda.gov,Male,389-929-9414,Dalmatovo
603,Alonzo,Jakes,ajakesgq@youtube.com,Male,323-847-9496,Meixi
604,Igor,Mulqueen,imulqueengr@harvard.edu,Male,846-681-5171,Saltpond
605,Ingaborg,Birtwisle,ibirtwislegs@miibeian.gov.cn,Female,340-197-7560,Phlapphla Chai
606,Linet,Garza,lgarzagt@1688.com,Female,486-694-6928,Svetlyy
607,Bobbie,Robilart,brobilartgu@plala.or.jp,Female,397-732-2165,Yuecheng
608,Selene,Schusterl,sschusterlgv@va.gov,Female,647-842-6479,Ferreiras
609,Michal,Boswood,mboswoodgw@technorati.com,Male,489-489-3625,Matangpayang
610,Pepi,Olenchikov,polenchikovgx@posterous.com,Female,521-174-1767,Vorob’yovo
611,Eran,Coultass,ecoultassgy@51.la,Female,966-530-6441,Paseh
612,Nike,Morcombe,nmorcombegz@cdc.gov,Female,392-127-4218,Vantaa
613,Aurie,Rubinsky,arubinskyh0@census.gov,Female,733-909-5853,Hobor
614,Harriett,Kippling,hkipplingh1@google.de,Female,535-840-2635,Putrajaya
615,Corabel,Cobden,ccobdenh2@stumbleupon.com,Female,353-813-8580,Cotaparaco
616,Edna,Sedgemore,esedgemoreh3@deliciousdays.com,Female,977-609-5522,San Felipe
617,Tracie,Challiner,tchallinerh4@arstechnica.com,Female,518-806-2071,San Lorenzo
618,Hedy,Glanfield,hglanfieldh5@baidu.com,Female,997-493-6463,Ettelbruck
619,Roi,Pleavin,rpleavinh6@jiathis.com,Male,641-496-9641,Porvoo
620,Adorne,Boriston,aboristonh7@blogs.com,Female,378-335-2431,Telêmaco Borba
621,Durante,Panketh,dpankethh8@trellian.com,Male,490-902-8059,Bangkle
622,Irina,Corbould,icorbouldh9@hubpages.com,Female,339-549-8734,Hallstavik
623,Marilin,Crosham,mcroshamha@scientificamerican.com,Female,950-838-9673,Moita
624,Hortense,Judgkins,hjudgkinshb@ft.com,Female,154-961-6430,Ban Phaeo
625,Northrop,Leaves,nleaveshc@so-net.ne.jp,Male,328-295-5316,Glubokiy
626,Devland,Whiteland,dwhitelandhd@alexa.com,Male,151-244-6846,Valencia
627,Leanora,Straker,lstrakerhe@exblog.jp,Female,817-307-6117,Jaguaquara
628,Allyce,Selland,asellandhf@timesonline.co.uk,Female,396-132-7611,Szlachta
629,Gordon,Earingey,gearingeyhg@g.co,Male,591-216-5687,Kertabumi
630,Lorraine,Goodwins,lgoodwinshh@devhub.com,Female,603-400-6570,Sabang
631,Dee dee,Cowherd,dcowherdhi@wired.com,Female,986-355-3751,Ciroyom
632,Martha,Beckwith,mbeckwithhj@flavors.me,Female,505-673-0596,Petrodvorets
633,Garland,Hallums,ghallumshk@wunderground.com,Female,314-675-4886,Saiki
634,Keriann,Trenchard,ktrenchardhl@hugedomains.com,Female,856-293-6315,Petrich
635,Gilli,Plant,gplanthm@storify.com,Female,757-380-2594,Mina de São Domingos
636,Mildrid,Burton,mburtonhn@elegantthemes.com,Female,143-945-5620,Baima
637,Pier,MacCahey,pmaccaheyho@wp.com,Female,313-330-1848,Detroit
638,Jewel,Gergher,jgergherhp@qq.com,Female,220-941-8072,Tignoan
639,Darcee,Wetherby,dwetherbyhq@nifty.com,Female,930-924-0088,Arbais
640,Heddie,Callendar,hcallendarhr@bing.com,Female,657-351-7638,Zapala
641,Felike,Bembrigg,fbembrigghs@forbes.com,Male,736-606-8654,eMbalenhle
642,Silvester,Wildgoose,swildgooseht@blogspot.com,Male,404-495-8432,Cijoho
643,Diahann,O'Rudden,doruddenhu@pcworld.com,Female,661-608-5112,Gnojnik
644,Jackqueline,Pott,jpotthv@indiatimes.com,Female,630-472-3017,Bofuer
645,Lin,Plaschke,lplaschkehw@usa.gov,Female,683-334-5919,Matangshan
646,Jamie,Palfrie,jpalfriehx@vistaprint.com,Male,549-742-8466,Gołkowice
647,Findlay,Calken,fcalkenhy@tripod.com,Male,322-750-1291,Zolochiv
648,Miranda,Agott,magotthz@fotki.com,Female,653-533-1293,Zeleneč
649,Emmeline,Dettmar,edettmari0@tiny.cc,Female,383-832-0852,Aga
650,Cale,Swindle,cswindlei1@umn.edu,Male,731-159-0774,Rotterdam postbusnummers
651,Kilian,Sleite,ksleitei2@printfriendly.com,Male,305-363-8735,Borovikha
652,Falito,Benedyktowicz,fbenedyktowiczi3@biglobe.ne.jp,Male,345-202-9715,Pākpattan
653,Jocelyne,Southerns,jsouthernsi4@nytimes.com,Female,481-177-0815,Roissy Charles-de-Gaulle
654,Nevins,Fernando,nfernandoi5@timesonline.co.uk,Male,795-112-6246,Kozlovice
655,Rosanna,Iannuzzelli,riannuzzellii6@unesco.org,Female,758-576-2908,Caen
656,Eddi,Cullity,ecullityi7@cdc.gov,Female,297-424-4830,Rora Timur
657,Kelley,Yockley,kyockleyi8@hostgator.com,Male,262-735-1379,Ogwashi-Uku
658,Gordie,Geertz,ggeertzi9@auda.org.au,Male,432-699-3102,Göteborg
659,Hillary,Deason,hdeasonia@ed.gov,Female,323-850-9083,Pasadena
660,Roley,Joslyn,rjoslynib@businesswire.com,Male,600-918-2631,Rio Meão
661,Anton,McGowran,amcgowranic@wisc.edu,Male,537-640-5314,Kiikala
662,Bord,Craigheid,bcraigheidid@blogtalkradio.com,Male,533-295-8578,Napoli
663,Worth,Immins,wimminsie@shop-pro.jp,Male,728-166-1155,Kahuripan
664,Orson,Belbin,obelbinif@sohu.com,Male,638-733-3733,Nierumai
665,Patin,MacVaugh,pmacvaughig@theguardian.com,Male,560-857-6680,Salerno
666,Clary,Malin,cmalinih@auda.org.au,Female,963-165-0798,Krouna
667,Guenevere,Trenear,gtrenearii@mediafire.com,Female,633-640-0654,Qiaoyi
668,Brion,Varrow,bvarrowij@live.com,Male,405-292-2516,Oklahoma City
669,Valenka,Neal,vnealik@hc360.com,Female,201-161-5609,Hetan
670,Jolee,Fosdyke,jfosdykeil@yolasite.com,Female,407-666-2889,Orlando
671,Windham,Yewdale,wyewdaleim@wordpress.org,Male,444-921-0437,Kubangkondang
672,Christalle,Reed,creedin@europa.eu,Female,805-349-6330,Zoumachang
673,Munroe,Melland,mmellandio@usa.gov,Male,501-667-6149,Briceni
674,Jacques,MacDougal,jmacdougalip@arizona.edu,Male,310-349-3529,Lufang
675,Marion,Patey,mpateyiq@tripod.com,Female,599-212-1685,Butha-Buthe
676,Shirley,Palfreman,spalfremanir@admin.ch,Female,101-385-5402,Sarmanovo
677,Florian,Hanmer,fhanmeris@51.la,Male,694-130-5929,Wādī as Salqā
678,Kele,Klaussen,kklaussenit@army.mil,Male,411-864-6900,Horní Suchá
679,Brena,Wightman,bwightmaniu@china.com.cn,Female,618-996-7963,Seredeyskiy
680,Aloysius,Beards,abeardsiv@t.co,Male,211-345-7883,Dolní Studénky
681,Didi,Halstead,dhalsteadiw@lycos.com,Female,521-843-7560,Provins
682,Renado,Hunting,rhuntingix@clickbank.net,Male,753-329-5371,Rivera
683,Renell,Vater,rvateriy@google.cn,Female,621-468-4308,Kota Kinabalu
684,Karl,Danaher,kdanaheriz@weibo.com,Male,916-224-5210,Sacramento
685,Franklyn,Nester,fnesterj0@smh.com.au,Male,794-680-8957,Krzczonów
686,Roslyn,Triggel,rtriggelj1@elegantthemes.com,Female,116-881-8988,Michałowice
687,Henderson,Keavy,hkeavyj2@nature.com,Male,528-745-9700,Santaluz
688,Kattie,Lampel,klampelj3@ihg.com,Female,156-564-6479,Fushui
689,Rivy,Groneway,rgronewayj4@harvard.edu,Female,866-937-6606,Marull
690,Cherilyn,Juschke,cjuschkej5@nba.com,Female,373-630-2228,Västra Frölunda
691,Andros,Moffatt,amoffattj6@skype.com,Male,257-524-6425,Sarbīsheh
692,Kaleb,Sellers,ksellersj7@soup.io,Male,486-965-3471,Chengkan
693,Giff,Ludvigsen,gludvigsenj8@independent.co.uk,Male,953-511-5687,Bunutan
694,Louis,Manthorpe,lmanthorpej9@businesswire.com,Male,647-638-3889,Balibago
695,Sayres,Everal,severalja@google.co.uk,Male,644-353-2129,Xitou
696,Onida,Toop,otoopjb@geocities.com,Female,836-593-7631,Lepaterique
697,Nap,Bulfoot,nbulfootjc@omniture.com,Male,615-631-5218,Solnechnyy
698,Hillier,Styant,hstyantjd@utexas.edu,Male,533-260-3083,Āsmār
699,Willow,Linguard,wlinguardje@unc.edu,Female,149-101-2575,Fengyuan
700,Letizia,Spofforth,lspofforthjf@yandex.ru,Female,650-148-1429,Jiangdong
701,Leonard,Victory,lvictoryjg@europa.eu,Male,501-711-9225,Cibeureum
702,Karolina,Rowbotham,krowbothamjh@newsvine.com,Female,789-434-2451,N’dalatando
703,Marshall,Wetter,mwetterji@github.com,Male,641-759-9092,Krajan Caluk
704,Marline,Simononsky,msimononskyjj@ucsd.edu,Female,589-612-4985,Pršovce
705,Elliot,Altofts,ealtoftsjk@amazon.com,Male,818-134-4894,Dadong
706,Chiquita,McGarvey,cmcgarveyjl@techcrunch.com,Female,745-692-1374,Calhetas
707,Kassi,Basso,kbassojm@wordpress.org,Female,181-717-9264,Hässleholm
708,Arman,Yeell,ayeelljn@nature.com,Male,283-437-4703,Ciakar
709,Goldie,Rivlin,grivlinjo@gravatar.com,Female,328-446-2728,Amadora
710,Ami,Luebbert,aluebbertjp@umich.edu,Female,806-223-2019,Lanxi
711,Aldo,Rothchild,arothchildjq@multiply.com,Male,254-210-8365,Modřice
712,David,MacCartair,dmaccartairjr@goodreads.com,Male,335-159-9145,Mamuša
713,Bathsheba,Seman,bsemanjs@foxnews.com,Female,846-967-0974,Paris 12
714,Brenn,Kytley,bkytleyjt@engadget.com,Female,895-791-2299,Yasynuvata
715,Lucy,Hoys,lhoysju@indiatimes.com,Female,839-322-8774,Trieste
716,Sara,Bresson,sbressonjv@earthlink.net,Female,131-636-1069,Matsumoto
717,Raye,O'Carran,rocarranjw@webmd.com,Female,325-864-3017,Alacaygan
718,Frasier,Cutill,fcutilljx@dailymotion.com,Male,147-685-8228,Al Midyah
719,Curcio,Concannon,cconcannonjy@telegraph.co.uk,Male,532-168-2760,Shwebo
720,Erek,Lemery,elemeryjz@tinyurl.com,Male,214-424-3421,Dallas
721,Mellisent,Seaborne,mseabornek0@smh.com.au,Female,827-800-7350,Oujiangcha
722,Westleigh,Foxten,wfoxtenk1@blogs.com,Male,162-454-0821,Antas
723,Cassaundra,Thome,cthomek2@jiathis.com,Female,468-914-7786,Sumberagung
724,Win,Mead,wmeadk3@unblog.fr,Male,330-412-2556,Iberia
725,Amye,Wendover,awendoverk4@elpais.com,Female,542-713-3461,Tangkeng
726,Prentiss,Lightbourne,plightbournek5@uol.com.br,Male,877-905-3400,Huolongmen
727,Dasha,Praill,dpraillk6@indiegogo.com,Female,187-366-5802,Xinchenglu
728,Karrah,Dounbare,kdounbarek7@yellowbook.com,Female,460-581-7562,Haghartsin
729,Darya,Knell,dknellk8@cbc.ca,Female,154-727-9586,Aricapampa
730,Ashlie,McGarahan,amcgarahank9@booking.com,Female,240-596-8555,Muraloka
731,Dominique,Pietsma,dpietsmaka@toplist.cz,Male,518-725-2762,Dimovo
732,Floria,Chritchlow,fchritchlowkb@elpais.com,Female,658-900-8472,Farkaždin
733,Dacy,Robichon,drobichonkc@dailymail.co.uk,Female,258-869-2496,Buluh Kasap
734,Errol,Thalmann,ethalmannkd@com.com,Male,326-780-4293,Jiaocun
735,Belita,Wiltshear,bwiltshearke@edublogs.org,Female,597-431-0578,Lüxiang
736,Tracie,Colgan,tcolgankf@netscape.com,Male,971-659-8238,North Bay
737,Diane,Clarricoates,dclarricoateskg@jalbum.net,Female,599-977-2129,Gobabis
738,Ilyssa,Ferrers,iferrerskh@upenn.edu,Female,434-500-9210,Montenegro
739,Gustaf,Jaquin,gjaquinki@icio.us,Male,269-995-9195,Catamayo
740,Adams,Henriet,ahenrietkj@dailymail.co.uk,Male,179-322-2009,Sekolan
741,Angil,Lowman,alowmankk@usnews.com,Female,834-738-4587,Sicaya
742,Jarrett,Matresse,jmatressekl@infoseek.co.jp,Male,502-161-0002,Haradzyeya
743,Ibrahim,Siddaley,isiddaleykm@fda.gov,Male,439-680-0793,Ústí nad Orlicí
744,Mariann,Algore,malgorekn@sourceforge.net,Female,287-635-5117,Smečno
745,Orsola,Addeycott,oaddeycottko@naver.com,Female,936-542-9726,Itambacuri
746,Denni,Bowfin,dbowfinkp@cmu.edu,Female,721-796-9207,Manamrag
747,Lyell,D'Onisi,ldonisikq@fema.gov,Male,896-654-6518,Qinlan
748,Chryste,Widmore,cwidmorekr@parallels.com,Female,809-139-5802,Yurkivka
749,Brion,Izaac,bizaacks@wikipedia.org,Male,278-335-6117,Proletar
750,Rogers,Mummery,rmummerykt@123-reg.co.uk,Male,186-167-6447,Pandan
751,Darla,Brenton,dbrentonku@unblog.fr,Female,457-797-8513,Châlons-en-Champagne
752,Danika,Broomhall,dbroomhallkv@unc.edu,Female,419-226-2181,Ollantaytambo
753,Frederich,Pudden,fpuddenkw@booking.com,Male,695-188-1527,Cibunut
754,Cindelyn,Bowler,cbowlerkx@trellian.com,Female,672-879-2500,Prokop’yevsk
755,Myrah,McOwan,mmcowanky@elpais.com,Female,396-961-6769,Pulosari
756,Gerri,Castiglione,gcastiglionekz@list-manage.com,Male,933-325-7500,Xishanzui
757,Cristiano,Tripe,ctripel0@rediff.com,Male,513-473-2198,Wenwusha
758,Evangelia,Belcham,ebelchaml1@ucoz.com,Female,196-798-7419,Sofiyivka
759,Britney,Littlefair,blittlefairl2@exblog.jp,Female,979-530-0160,Pokrovka
760,Goddart,Edkins,gedkinsl3@imgur.com,Male,265-652-1716,Krajan Sumurtawang
761,Franny,McMennum,fmcmennuml4@stumbleupon.com,Male,829-587-2524,Abū Zabad
762,Eward,Eadmeads,eeadmeadsl5@unblog.fr,Male,335-765-5306,Guebwiller
763,Toinette,Palia,tpalial6@walmart.com,Female,581-636-0583,Linshui
764,Ayn,Densey,adenseyl7@yellowpages.com,Female,405-738-6418,Lubāna
765,Livvyy,Housegoe,lhousegoel8@youtube.com,Female,821-587-1760,Sel’tso
766,Rudyard,Pilcher,rpilcherl9@tinypic.com,Male,972-407-3834,Mhango
767,Lucine,Gerrell,lgerrellla@cpanel.net,Female,707-639-0397,Hetou
768,Mady,Lowre,mlowrelb@sogou.com,Female,353-604-6644,Labrang
769,Eadith,Corton,ecortonlc@sun.com,Female,472-719-3347,Itu
770,Hill,Lowing,hlowingld@hhs.gov,Male,201-349-5202,Lyski
771,Mireielle,Reichert,mreichertle@ted.com,Female,328-220-5196,Belogorskīy
772,Jdavie,Hulburt,jhulburtlf@marriott.com,Male,682-105-3121,Kunčice pod Ondřejníkem
773,Mile,Fernanando,mfernanandolg@pen.io,Male,951-547-4578,Sumqayıt
774,Dreddy,Kubala,dkubalalh@cnbc.com,Female,437-637-9987,Gornji Grad
775,Katinka,Stanway,kstanwayli@scientificamerican.com,Female,327-522-1085,Xincheng Chengguanzhen
776,Kinny,Dunbar,kdunbarlj@si.edu,Male,785-127-9609,Xingang
777,Delmor,Fealty,dfealtylk@scientificamerican.com,Male,736-657-4983,Guamal
778,Shana,Spry,sspryll@ted.com,Female,320-681-2256,Pereira
779,Stewart,Scrivner,sscrivnerlm@dion.ne.jp,Male,386-931-9302,Mokolo
780,Licha,Barton,lbartonln@imgur.com,Female,158-550-6284,Taipingying
781,Burch,Bertie,bbertielo@wsj.com,Male,930-494-0936,Rēzekne
782,Shara,Banasevich,sbanasevichlp@imageshack.us,Female,822-248-4380,Sipe Sipe
783,Paxon,Pollack,ppollacklq@addthis.com,Male,437-782-9368,Guanshan
784,Jamison,De la Yglesia,jdelayglesialr@china.com.cn,Male,233-707-0773,Mileb
785,Shelby,Records,srecordsls@addthis.com,Male,261-361-0467,Praingkareha
786,Gaynor,Larkins,glarkinslt@microsoft.com,Female,775-458-0168,Boden
787,Maxie,Hurtado,mhurtadolu@vistaprint.com,Male,395-842-9251,Luqiao
788,Alisa,McCrohon,amccrohonlv@furl.net,Female,802-778-3088,Huanuni
789,Freddi,Hrachovec,fhrachoveclw@msn.com,Female,753-778-0608,København
790,Pinchas,Pol,ppollx@weibo.com,Male,933-828-5709,Yasenskaya
791,Gustavus,Hanna,ghannaly@amazon.co.uk,Male,351-516-1632,Bambang
792,Barbi,Angrove,bangrovelz@unicef.org,Female,813-316-0361,Tampa
793,Allis,Matula,amatulam0@jugem.jp,Female,967-231-9743,Íquira
794,Hilliard,Houldcroft,hhouldcroftm1@sciencedaily.com,Male,981-707-0860,Wuyang
795,Washington,Alten,waltenm2@xing.com,Male,682-559-8319,Fort Worth
796,Berry,Mish,bmishm3@about.me,Female,646-893-7846,São Pedro
797,Gilbert,Khosa,gkhosam4@hubpages.com,Male,339-330-1125,Devitsa
798,Troy,Cavie,tcaviem5@bizjournals.com,Male,353-132-4970,Tours
799,Marshall,Beatens,mbeatensm6@psu.edu,Male,176-421-5516,Rudong
800,Davis,Postans,dpostansm7@dedecms.com,Male,478-642-6782,Klatovy
801,Chevalier,Binham,cbinhamm8@ebay.com,Male,811-422-4237,Shuikou
802,Owen,Snipe,osnipem9@blogtalkradio.com,Male,862-131-4661,Bailadores
803,Lay,Mathonnet,lmathonnetma@google.com,Male,403-393-8356,Alvaiázere
804,Artemis,Hatherell,ahatherellmb@ucoz.ru,Male,569-985-6887,Rancasadang
805,Tedman,Drinnan,tdrinnanmc@devhub.com,Male,372-936-4428,Sremska Mitrovica
806,Bennett,Ettritch,bettritchmd@paypal.com,Male,135-507-9371,Sumberpandan
807,Kimberley,Copcott,kcopcottme@1und1.de,Female,966-912-4120,Bhātpāra Abhaynagar
808,Arnoldo,Rowbottam,arowbottammf@sakura.ne.jp,Male,979-381-6434,Heihe
809,Zebulen,Griffen,zgriffenmg@usatoday.com,Male,641-373-5868,Karajeun
810,Bernetta,Egiloff,begiloffmh@cpanel.net,Female,752-380-8946,Aqqan
811,Meta,Dallimore,mdallimoremi@virginia.edu,Female,640-986-3615,Caracal
812,Blanche,Collie,bcolliemj@xrea.com,Female,424-752-5981,Bourges
813,Raffaello,Heinecke,rheineckemk@wsj.com,Male,728-459-1659,Hayama
814,Lennard,Fulton,lfultonml@seattletimes.com,Male,969-192-9021,Zhoushan
815,Witty,Semarke,wsemarkemm@bloomberg.com,Male,213-317-0674,Cirangrang
816,Penrod,Wynrehame,pwynrehamemn@marriott.com,Male,992-610-3559,Maoyang
817,Mattias,Tuckey,mtuckeymo@photobucket.com,Male,327-594-4272,Los Guayos
818,Brew,Facer,bfacermp@seattletimes.com,Male,531-398-1331,Dordrecht
819,Lynsey,Goodlatt,lgoodlattmq@dyndns.org,Female,345-281-8291,Ash Sharyah
820,Bonnie,Frid,bfridmr@utexas.edu,Female,368-778-1373,Shāhdādkot
821,Palmer,Doding,pdodingms@accuweather.com,Male,592-400-4915,Qibu
822,Colan,Casarino,ccasarinomt@cargocollective.com,Male,609-576-0487,Guajará Mirim
823,Ludvig,Cutmore,lcutmoremu@msu.edu,Male,547-390-0018,Santander
824,Gustavus,Chessum,gchessummv@webs.com,Male,625-204-1948,Lukićevo
825,Berke,Jacmar,bjacmarmw@yolasite.com,Male,615-712-1879,Batticaloa
826,Henry,Vardon,hvardonmx@webmd.com,Male,505-599-6898,Boyarka
827,Kelley,Ferrini,kferrinimy@tumblr.com,Female,775-648-8621,Cerro Colorado
828,Andeee,Nestle,anestlemz@barnesandnoble.com,Female,649-447-5976,Xuwei
829,Lisle,Branwhite,lbranwhiten0@dagondesign.com,Male,581-472-6286,Bang Pa-in
830,Natty,Rean,nreann1@google.ca,Male,131-757-6546,Polanica-Zdrój
831,Corbin,Bainbridge,cbainbridgen2@ox.ac.uk,Male,504-269-7886,Billa
832,Lambert,Samuels,lsamuelsn3@kickstarter.com,Male,965-439-5240,Hengxi
833,Kimbra,Berrill,kberrilln4@vkontakte.ru,Female,960-537-2959,Kolochava
834,Alvinia,Oxbrow,aoxbrown5@privacy.gov.au,Female,715-914-8335,Akebielidou
835,Virginia,Golightly,vgolightlyn6@cam.ac.uk,Female,594-810-3209,Makata
836,Xymenes,Janouch,xjanouchn7@state.tx.us,Male,367-447-4182,Zhuoshui
837,Peyter,Ney,pneyn8@intel.com,Male,422-256-3862,Vidovci
838,Leonardo,Deschelle,ldeschellen9@geocities.jp,Male,502-409-2101,Louisville
839,Brit,Essberger,bessbergerna@nifty.com,Male,559-132-6419,Saga
840,Orren,Drayton,odraytonnb@tripadvisor.com,Male,540-211-8129,Qulsary
841,Jenifer,Lahive,jlahivenc@cmu.edu,Female,220-956-7636,Arvidsjaur
842,Sayre,Clacson,sclacsonnd@jalbum.net,Male,260-281-0107,Fort Wayne
843,Griffie,Morse,gmorsene@ifeng.com,Male,421-967-3577,Meget
844,Karola,Pimer,kpimernf@vk.com,Female,133-552-9564,Wenshao
845,Sharline,Abell,sabellng@theguardian.com,Female,848-422-9190,Nanjia
846,Barr,Duesberry,bduesberrynh@mit.edu,Male,419-474-6641,Kota Trieng
847,Brew,Creek,bcreekni@1688.com,Male,741-998-6897,Vacenovice
848,Cora,Spiring,cspiringnj@stumbleupon.com,Female,733-117-2996,Szelków
849,Curcio,Airds,cairdsnk@slideshare.net,Male,447-795-0211,Yakovlevo
850,Bailie,Huncote,bhuncotenl@howstuffworks.com,Male,535-457-6995,Daur
851,Teena,Weight,tweightnm@w3.org,Female,612-221-2072,Bandeirantes
852,Bennie,Dongate,bdongatenn@dagondesign.com,Male,277-121-5890,Alvalade
853,Josie,Gosden,jgosdenno@salon.com,Female,937-701-9643,Dujuuma
854,Ward,Bramah,wbramahnp@census.gov,Male,240-742-9898,Bandeirantes
855,Germayne,Mecozzi,gmecozzinq@furl.net,Male,893-142-9575,Na Muen
856,Ode,Sambiedge,osambiedgenr@businessinsider.com,Male,369-970-2628,Sterlitamak
857,Stephanus,Carme,scarmens@flavors.me,Male,712-210-6006,Khārān
858,Meredeth,Marzello,mmarzellont@squidoo.com,Male,751-531-1738,Aurelliana
859,Candice,Dyche,cdychenu@taobao.com,Female,643-824-0459,Rönninge
860,Caritta,Wainwright,cwainwrightnv@soup.io,Female,540-831-8723,Arai
861,Tomasine,Lowrance,tlowrancenw@gizmodo.com,Female,299-200-5123,Karditsomagoúla
862,Jeremiah,Reagan,jreagannx@vinaora.com,Male,796-354-0921,Zelenograd
863,Virgilio,Jurick,vjurickny@google.pl,Male,576-928-8661,Neftegorsk
864,Maitilde,Kleinsmuntz,mkleinsmuntznz@ask.com,Female,769-955-9954,Wamba
865,Maritsa,Gionettitti,mgionettittio0@hp.com,Female,180-463-2840,Lamu
866,Angelo,Cuberley,acuberleyo1@apple.com,Male,282-815-2032,Guinticgan
867,Amabel,Jeskins,ajeskinso2@addthis.com,Female,485-964-0688,Jiangcheng
868,Brad,Biagioni,bbiagionio3@google.com,Male,745-251-5204,Bertioga
869,Sophey,Hinge,shingeo4@icq.com,Female,851-416-3120,El Limon
870,Hobey,McMinn,hmcminno5@telegraph.co.uk,Male,511-707-1592,Dresden
871,Barde,Dilland,bdillando6@deliciousdays.com,Male,654-357-6098,Novopokrovka
872,Wynn,Nice,wniceo7@ucoz.ru,Female,810-718-1653,Videm pri Ptuju
873,Ira,Brum,ibrumo8@harvard.edu,Female,604-516-7326,Chengbei
874,Jeanna,Budgeon,jbudgeono9@shinystat.com,Female,807-148-9050,Prómachoi
875,Cass,Wittey,cwitteyoa@furl.net,Male,398-996-3141,Xinyi
876,Odessa,Pether,opetherob@adobe.com,Female,591-167-1352,Parreira
877,Wendel,Allchin,wallchinoc@hubpages.com,Male,965-555-5722,Shangcunba
878,Prue,Palffrey,ppalffreyod@narod.ru,Female,227-194-1837,Paranapanema
879,Glory,Kernar,gkernaroe@shop-pro.jp,Female,551-228-7976,Vroutek
880,Lilyan,Moulster,lmoulsterof@mlb.com,Female,446-257-5021,Gibgos
881,Mellie,Weatherburn,mweatherburnog@narod.ru,Female,402-624-9008,Chengzhong
882,Hardy,Osborne,hosborneoh@last.fm,Male,557-494-8181,Pavlovka
883,Burnaby,De Gregario,bdegregariooi@nsw.gov.au,Male,690-880-2474,Rushanzhai
884,Avery,Rooksby,arooksbyoj@ycombinator.com,Male,277-641-1678,Konče
885,Quentin,Housiaux,qhousiauxok@squarespace.com,Male,151-161-8687,Guadalupe
886,Aristotle,Coffey,acoffeyol@livejournal.com,Male,828-671-4343,Dera Bugti
887,Norah,Crossfield,ncrossfieldom@usgs.gov,Female,568-680-9532,Markowa
888,Jeffry,Bifield,jbifieldon@shutterfly.com,Male,187-224-6310,Gaxung
889,Tani,Kirtley,tkirtleyoo@google.cn,Female,712-866-7835,Liudong
890,Chase,Tungate,ctungateop@ocn.ne.jp,Male,678-610-7020,Skurup
891,Larisa,Woolland,lwoollandoq@nhs.uk,Female,392-672-2737,Verenchanka
892,Faustina,Hylden,fhyldenor@icio.us,Female,912-601-5012,Yalukou
893,Kaleb,Knowlden,kknowldenos@dion.ne.jp,Male,622-163-0587,Lusaka
894,Daryn,McGillreich,dmcgillreichot@dagondesign.com,Female,294-261-5636,Cachoeirinha
895,Dusty,Tiley,dtileyou@hibu.com,Female,264-654-5345,Nayak
896,Madelon,Stevings,mstevingsov@sina.com.cn,Female,589-130-5417,Barra Velha
897,Ibbie,Dayer,idayerow@merriam-webster.com,Female,426-542-7138,Mullsjö
898,Darnall,Sieghart,dsieghartox@spiegel.de,Male,757-704-6196,Bateria
899,Ilene,Ferrieroi,iferrieroioy@mapquest.com,Female,957-604-2083,Millerovo
900,Analise,Cheke,achekeoz@cloudflare.com,Female,797-623-2973,Andalucía
901,Renaldo,Kubach,rkubachp0@delicious.com,Male,649-746-6769,Kamal
902,Bordy,Lockitt,blockittp1@buzzfeed.com,Male,535-965-5204,Huichang
903,Donaugh,Fishly,dfishlyp2@bandcamp.com,Male,366-490-4713,Bebedouro
904,Jase,Fendlow,jfendlowp3@examiner.com,Male,791-836-5266,Magang
905,Neill,Laverack,nlaverackp4@engadget.com,Male,398-775-5653,Putrajaya
906,Aggy,Morecomb,amorecombp5@flickr.com,Female,628-182-8646,Piraí
907,Freddie,Whayman,fwhaymanp6@ycombinator.com,Male,559-490-4623,Sunne
908,Eolande,Purselowe,epurselowep7@foxnews.com,Female,358-205-7330,Malusac
909,Rabbi,Foyster,rfoysterp8@independent.co.uk,Male,475-156-2812,Stockholm
910,Brock,Saveall,bsaveallp9@quantcast.com,Male,364-535-7939,Akita
911,Emmanuel,Cromwell,ecromwellpa@ebay.co.uk,Male,222-895-9518,Tocha
912,Suzanne,Delhanty,sdelhantypb@vimeo.com,Female,369-347-1692,Xiongguan
913,Rivy,Chataignier,rchataignierpc@ucsd.edu,Female,673-766-3692,Świnice Warckie
914,Rossy,Santarelli,rsantarellipd@jimdo.com,Male,490-556-5047,Pampas
915,Nikoletta,Hartle,nhartlepe@japanpost.jp,Female,560-507-6798,Sayaq
916,Haily,Sheeres,hsheerespf@sogou.com,Male,747-772-1683,‘Alāqahdārī Gēlān
917,Deidre,Sywell,dsywellpg@geocities.jp,Female,573-913-7852,São José
918,Adriaens,Fairfoull,afairfoullph@about.com,Female,473-614-7784,Rio Covo
919,Gaby,Baldwin,gbaldwinpi@apple.com,Female,144-707-3934,Pozhang
920,Sophey,Lochhead,slochheadpj@oracle.com,Female,440-488-6227,Ipatinga
921,Myrle,Shalloe,mshalloepk@live.com,Female,351-681-0019,Houjiachuan
922,Philis,Grenkov,pgrenkovpl@yolasite.com,Female,712-233-2665,Teminabuan
923,Mariellen,Shewery,mshewerypm@nih.gov,Female,615-122-5683,Nova Pazova
924,Alidia,Whyberd,awhyberdpn@comsenz.com,Female,302-363-5701,Klenje
925,Mackenzie,Sudddard,msudddardpo@nytimes.com,Male,284-274-7280,Yaring
926,Janek,Hedman,jhedmanpp@clickbank.net,Male,952-329-3416,Eldama Ravine
927,Allister,Muscott,amuscottpq@sfgate.com,Male,403-287-5698,Bartniczka
928,Devonna,Stone,dstonepr@goo.gl,Female,113-640-2660,Lidingö
929,Paige,Hurdedge,phurdedgeps@people.com.cn,Female,468-756-0436,Eisen
930,Janenna,Gravell,jgravellpt@edublogs.org,Female,684-599-7274,Pompéu
931,Yuma,Banford,ybanfordpu@ted.com,Male,140-325-5119,Elx/Elche
932,Nicola,Swaden,nswadenpv@mozilla.com,Female,621-688-8628,Kobiernice
933,Kristyn,Kelleway,kkellewaypw@umich.edu,Female,472-996-5493,Banepa
934,Dyna,Dunphie,ddunphiepx@wordpress.org,Female,889-969-2599,Ambositra
935,Sholom,Kondrat,skondratpy@taobao.com,Male,134-442-8356,Dabbūrīya
936,Joannes,Urian,jurianpz@dion.ne.jp,Female,518-450-5862,Albany
937,Rhody,Ollis,rollisq0@ask.com,Female,952-530-5929,Xiaozhen
938,Loralyn,Kalker,lkalkerq1@mashable.com,Female,729-980-0735,Huangpu
939,Emilee,Fritschmann,efritschmannq2@netscape.com,Female,923-877-5084,Sv. Ana v Slov. Goricah
940,Markos,Eilhersen,meilhersenq3@surveymonkey.com,Male,273-310-3897,Pyhäselkä
941,Ingunna,MacCawley,imaccawleyq4@google.com.br,Female,867-541-0036,Lere
942,Isahella,Jandera,ijanderaq5@harvard.edu,Female,424-330-2569,Nowa Dęba
943,Leanor,Hellen,lhellenq6@twitpic.com,Female,886-748-5500,Itabira
944,Elysee,Bernhart,ebernhartq7@state.gov,Female,366-185-6576,Xindeng
945,Georgie,Ludman,gludmanq8@lulu.com,Male,961-799-2006,Kitakami
946,Norman,Rolf,nrolfq9@newyorker.com,Male,701-273-2595,Strezhevoy
947,Emelita,Mangenot,emangenotqa@stumbleupon.com,Female,968-416-7993,Ad Dujayl
948,Tedd,Poad,tpoadqb@creativecommons.org,Male,184-455-6745,Yongledian
949,Cheryl,Pinckstone,cpinckstoneqc@oakley.com,Female,378-752-0151,Xinxu
950,Lauryn,Hewins,lhewinsqd@webeden.co.uk,Female,477-232-4349,Llano de Piedra
951,Larina,Asling,laslingqe@chicagotribune.com,Female,275-853-8217,Kalapagenep
952,Grenville,Dekeyser,gdekeyserqf@ebay.com,Male,156-249-6140,Pinhal General
953,Donella,Theobold,dtheoboldqg@flavors.me,Female,870-305-8409,Érd
954,Izaak,Craney,icraneyqh@msn.com,Male,766-280-1063,Matai
955,Patrica,Tailby,ptailbyqi@multiply.com,Female,831-679-0193,Caomiao
956,Alexine,Rollins,arollinsqj@wiley.com,Female,297-281-9041,Chedao
957,Aurilia,Swales,aswalesqk@wsj.com,Female,292-268-1638,Posse
958,Del,Bedells,dbedellsql@google.nl,Male,345-526-3401,Girsereng
959,Sybyl,Mulford,smulfordqm@engadget.com,Female,866-950-7391,Bejuco
960,Juli,Oggers,joggersqn@wp.com,Female,169-876-7742,Borisova Griva
961,Rutter,Grosier,rgrosierqo@ocn.ne.jp,Male,499-912-7629,Dukuhsia
962,Shannon,Plows,splowsqp@spiegel.de,Male,862-929-8380,Sillon
963,Phebe,Schooley,pschooleyqq@nifty.com,Female,830-113-1095,Bakung
964,Marcie,Capitano,mcapitanoqr@umich.edu,Female,723-335-9486,Mīrpur Sakro
965,Dorice,Nassie,dnassieqs@pbs.org,Female,279-192-2074,Ngembo
966,Carolann,De Biasio,cdebiasioqt@amazon.co.jp,Female,718-442-7751,Nanganumba
967,Florina,Reboul,freboulqu@accuweather.com,Female,546-872-0020,Kalix
968,Elwyn,Duigenan,eduigenanqv@guardian.co.uk,Male,148-461-6708,Łyse
969,Madeline,Skill,mskillqw@bing.com,Female,291-775-7259,Cuchumbaya
970,Ellery,Meads,emeadsqx@marriott.com,Male,589-662-4794,Cuamba
971,Fernande,Denis,fdenisqy@japanpost.jp,Female,823-780-7662,Karangjaladri
972,Ian,Davenall,idavenallqz@skyrock.com,Male,788-775-7710,Untolovo
973,Daren,Bannard,dbannardr0@wufoo.com,Male,880-281-5163,Sandaotong
974,Alexandra,Scritch,ascritchr1@wp.com,Female,994-688-5254,Nova Odesa
975,Oralee,Layton,olaytonr2@dot.gov,Female,196-451-6672,Kysyl-Syr
976,Chevy,Birk,cbirkr3@house.gov,Male,927-184-0749,Cawayan
977,Barny,Spraberry,bspraberryr4@ihg.com,Male,523-653-3628,Melfort
978,Leodora,Bemand,lbemandr5@economist.com,Female,666-629-6701,Druzhny
979,Lilly,Smither,lsmitherr6@businessinsider.com,Female,967-403-7596,Hellevoetsluis
980,Edeline,Swadlen,eswadlenr7@cdbaby.com,Female,233-553-3905,Cibeureum
981,Blondelle,Hendrickx,bhendrickxr8@mysql.com,Female,407-140-8002,Kibiya
982,Larina,Jannequin,ljannequinr9@usgs.gov,Female,286-458-7697,Haolibao
983,Decca,Bachshell,dbachshellra@reference.com,Male,182-832-7366,Krasae Sin
984,Leicester,Kinnerk,lkinnerkrb@taobao.com,Male,736-908-6086,Tobias Barreto
985,Timmie,Kippax,tkippaxrc@tumblr.com,Female,288-391-9853,Bronnitsy
986,Giacopo,Hiscoe,ghiscoerd@soundcloud.com,Male,927-692-8361,Gudermes
987,Quent,De la Perrelle,qdelaperrellere@auda.org.au,Male,679-311-5025,Manglid
988,Jarid,Adenet,jadenetrf@reference.com,Male,913-118-0494,Kansas City
989,Giorgi,Thys,gthysrg@altervista.org,Male,489-764-8270,Busilak
990,Brietta,McCane,bmccanerh@livejournal.com,Female,801-207-7780,Matias Olímpio
991,Evered,Vockings,evockingsri@mit.edu,Male,834-833-3592,Tessaoua
992,Alissa,St. Hill,asthillrj@sun.com,Female,442-917-5319,Cete
993,Evvy,Langlands,elanglandsrk@icio.us,Female,574-203-8605,Tibillo
994,Zarah,Di Franceshci,zdifranceshcirl@dell.com,Female,803-542-1546,Capalonga
995,Willey,Capron,wcapronrm@stumbleupon.com,Male,662-502-5552,Caridade
996,Dina,Siggens,dsiggensrn@census.gov,Female,967-455-4347,Sattahip
997,Norbie,Flemmich,nflemmichro@theglobeandmail.com,Male,367-807-2016,Sukarame
998,Tymon,Buske,tbuskerp@ted.com,Male,202-808-1492,Kalibo (poblacion)
999,Sherri,Riste,sristerq@google.co.uk,Female,406-426-2760,Xiaoxiang
1000,Michaelina,Barensky,mbarenskyrr@huffingtonpost.com,Female,718-708-9617,Brooklyn
